flow_id,src_ip,src_port,dst_ip,dst_port,protocol,packet_count,bytes_total,bytes_mean,bytes_std,bytes_min,bytes_max,iat_mean,iat_std,iat_min,iat_max,first_seen,last_seen,duration,tcp_fin_count,tcp_syn_count,tcp_rst_count,tcp_psh_count,tcp_ack_count,tcp_urg_count,tcp_ece_count,tcp_cwr_count
127.0.0.1-44898-127.0.0.1-8000-tcp,127.0.0.1,44898,127.0.0.1,8000,tcp,6,501,83.5,39.07812687425025,66,163,3.81735e-05,4.2420919592814105e-05,0.0,0.000118292,0.0,0.002074375,0.002074375,1,1,0,1,5,0,0,0
127.0.0.1-8000-127.0.0.1-44898-tcp,127.0.0.1,8000,127.0.0.1,44898,tcp,6,2205,367.5,661.0614948701823,66,1711,0.00031873616666666665,0.0006781919260909604,6.625e-06,0.001702458,3.8042e-05,0.002141458,0.0021034160000000003,1,1,0,2,6,0,0,0
127.0.0.1-44908-127.0.0.1-8000-tcp,127.0.0.1,44908,127.0.0.1,8000,tcp,6,501,83.5,39.07812687425025,66,163,0.001675479,0.003987750368649322,3.583e-06,0.009814917,0.011956375,0.013240208,0.0012838329999999998,1,1,0,1,5,0,0,0
127.0.0.1-8000-127.0.0.1-44908-tcp,127.0.0.1,8000,127.0.0.1,44908,tcp,6,2205,367.5,661.0614948701823,66,1711,0.00017700016666666665,0.00038269873680973486,4.291e-06,0.000957917,0.011989917,0.013256333,0.0012664160000000011,1,1,0,2,6,0,0,0
127.0.0.1-44910-127.0.0.1-8000-tcp,127.0.0.1,44910,127.0.0.1,8000,tcp,6,501,83.5,39.07812687425025,66,163,0.0016565001666666666,0.0039946271400268345,3.667e-06,0.009810417,0.02306675,0.025383,0.002316249999999999,1,1,0,1,5,0,0,0
127.0.0.1-8000-127.0.0.1-44910-tcp,127.0.0.1,8000,127.0.0.1,44910,tcp,6,2205,367.5,661.0614948701823,66,1711,0.00036637483333333337,0.0008562066617029832,3.542e-06,0.002114,0.023096708,0.025393583,0.0022968750000000003,1,1,0,2,6,0,0,0
127.0.0.1-44912-127.0.0.1-8000-tcp,127.0.0.1,44912,127.0.0.1,8000,tcp,6,501,83.5,39.07812687425025,66,163,0.0013135903333333333,0.00314907774262997,3.042e-06,0.0077415,0.033135083,0.034292458,0.0011573749999999952,1,1,0,1,5,0,0,0
127.0.0.1-8000-127.0.0.1-44912-tcp,127.0.0.1,8000,127.0.0.1,44912,tcp,6,2205,367.5,661.0614948701823,66,1711,0.00017161116666666667,0.0003823958684015384,3.5e-06,0.000952,0.033147875,0.034304792,0.0011569170000000004,1,1,0,2,6,0,0,0
127.0.0.1-44920-127.0.0.1-8000-tcp,127.0.0.1,44920,127.0.0.1,8000,tcp,6,501,83.5,39.07812687425025,66,163,0.0011037985,0.0026483278305611453,2.625e-06,0.006509583,0.040814375,0.041610083,0.0007957079999999991,1,1,0,1,5,0,0,0
127.0.0.1-8000-127.0.0.1-44920-tcp,127.0.0.1,8000,127.0.0.1,44920,tcp,6,2205,367.5,661.0614948701823,66,1711,0.00011739583333333334,0.00024868997803805177,2.542e-06,0.000624833,0.040833917,0.041631958,0.0007980409999999993,1,1,0,2,6,0,0,0
127.0.0.1-44934-127.0.0.1-8000-tcp,127.0.0.1,44934,127.0.0.1,8000,tcp,6,501,83.5,39.07812687425025,66,163,0.0008456596666666667,0.0020291699281437883,2.083e-06,0.004987584,0.046619542,0.047324,0.0007044579999999981,1,1,0,1,5,0,0,0
127.0.0.1-8000-127.0.0.1-44934-tcp,127.0.0.1,8000,127.0.0.1,44934,tcp,6,2205,367.5,661.0614948701823,66,1711,0.00010461116666666665,0.0002226193893634754,2.792e-06,0.000558583,0.04665175,0.047333583,0.0006818329999999997,1,1,0,2,6,0,0,0
127.0.0.1-44940-127.0.0.1-8000-tcp,127.0.0.1,44940,127.0.0.1,8000,tcp,6,501,83.5,39.07812687425025,66,163,0.001024507,0.0024684271483600235,2.458e-06,0.006063084,0.053396667,0.054237333,0.0008406659999999969,1,1,0,1,5,0,0,0
127.0.0.1-8000-127.0.0.1-44940-tcp,127.0.0.1,8000,127.0.0.1,44940,tcp,6,2205,367.5,661.0614948701823,66,1711,0.0001273125,0.0002882686491103394,2.625e-06,0.000715667,0.053406958,0.0542445,0.0008375420000000036,1,1,0,2,6,0,0,0
127.0.0.1-44946-127.0.0.1-8000-tcp,127.0.0.1,44946,127.0.0.1,8000,tcp,6,501,83.5,39.07812687425025,66,163,0.0008127083333333334,0.0019544006444034622,2.209e-06,0.004802042,0.059046542,0.059650125,0.0006035829999999978,1,1,0,1,5,0,0,0
127.0.0.1-8000-127.0.0.1-44946-tcp,127.0.0.1,8000,127.0.0.1,44946,tcp,6,2205,367.5,661.0614948701823,66,1711,8.933333333333334e-05,0.0001989349446011602,2.209e-06,0.000495333,0.059053917,0.05965675,0.000602833000000004,1,1,0,2,6,0,0,0
127.0.0.1-44948-127.0.0.1-8000-tcp,127.0.0.1,44948,127.0.0.1,8000,tcp,6,501,83.5,39.07812687425025,66,163,0.0006565001666666667,0.001576310105083694,1.792e-06,0.003874042,0.063530792,0.064176375,0.0006455829999999912,1,1,0,1,5,0,0,0
127.0.0.1-8000-127.0.0.1-44948-tcp,127.0.0.1,8000,127.0.0.1,44948,tcp,6,2205,367.5,661.0614948701823,66,1711,9.813183333333333e-05,0.00021901103803271347,2.833e-06,0.000545125,0.0635385,0.064184542,0.0006460419999999995,1,1,0,2,6,0,0,0
127.0.0.1-44960-127.0.0.1-8000-tcp,127.0.0.1,44960,127.0.0.1,8000,tcp,6,501,83.5,39.07812687425025,66,163,0.0008820485,0.002086923285336646,2.209e-06,0.005141541,0.069326083,0.070107708,0.000781625000000008,1,1,0,1,5,0,0,0
127.0.0.1-8000-127.0.0.1-44960-tcp,127.0.0.1,8000,127.0.0.1,44960,tcp,6,2205,367.5,661.0614948701823,66,1711,0.00010628483333333333,0.00023345193475610067,3.083e-06,0.000582667,0.06934575,0.070114542,0.0007687920000000042,1,1,0,2,6,0,0,0
127.0.0.1-44966-127.0.0.1-8000-tcp,127.0.0.1,44966,127.0.0.1,8000,tcp,6,501,83.5,39.07812687425025,66,163,0.0007004791666666666,0.0016714346209449435,1.709e-06,0.004112125,0.074226667,0.0748255,0.0005988330000000069,1,1,0,1,5,0,0,0
127.0.0.1-8000-127.0.0.1-44966-tcp,127.0.0.1,8000,127.0.0.1,44966,tcp,6,2205,367.5,661.0614948701823,66,1711,8.659716666666667e-05,0.00019261277034030393,2.125e-06,0.000479708,0.074233542,0.074837,0.0006034580000000012,1,1,0,2,6,0,0,0
127.0.0.1-44968-127.0.0.1-8000-tcp,127.0.0.1,44968,127.0.0.1,8000,tcp,6,501,83.5,39.07812687425025,66,163,0.0006486111666666667,0.0015330792972509176,1.583e-06,0.003777625,0.078614625,0.079321875,0.0007072500000000065,1,1,0,1,5,0,0,0
127.0.0.1-8000-127.0.0.1-44968-tcp,127.0.0.1,8000,127.0.0.1,44968,tcp,6,2205,367.5,661.0614948701823,66,1711,9.995833333333331e-05,0.0002279045971336837,1.916e-06,0.000565125,0.078620833,0.079328417,0.0007075839999999972,1,1,0,2,6,0,0,0
127.0.0.1-44972-127.0.0.1-8000-tcp,127.0.0.1,44972,127.0.0.1,8000,tcp,7,567,81.0,36.28130831893102,66,163,0.0006857498571428572,0.001738640200294129,1.833e-06,0.004627041,0.083955458,0.085160042,0.0012045840000000085,1,1,0,1,6,0,0,0
127.0.0.1-8000-127.0.0.1-44972-tcp,127.0.0.1,8000,127.0.0.1,44972,tcp,6,2205,367.5,661.0614948701823,66,1711,0.00017189600000000002,0.0003925008993992243,2.75e-06,0.000972917,0.083979125,0.085158125,0.0011789999999999995,1,1,0,2,6,0,0,0
127.0.0.1-44974-127.0.0.1-8000-tcp,127.0.0.1,44974,127.0.0.1,8000,tcp,6,501,83.5,39.07812687425025,66,163,0.0006803958333333332,0.0016260900671750524,1.75e-06,0.0039995,0.089159542,0.08974325,0.0005837080000000022,1,1,0,1,5,0,0,0
127.0.0.1-8000-127.0.0.1-44974-tcp,127.0.0.1,8000,127.0.0.1,44974,tcp,6,2205,367.5,661.0614948701823,66,1711,8.436799999999999e-05,0.00018647741608784695,2.042e-06,0.000464916,0.08917375,0.089748625,0.0005748750000000025,1,1,0,2,6,0,0,0
127.0.0.1-44980-127.0.0.1-8000-tcp,127.0.0.1,44980,127.0.0.1,8000,tcp,6,501,83.5,39.07812687425025,66,163,0.000613611,0.001451137452352602,1.833e-06,0.003575375,0.093324,0.093972958,0.0006489579999999912,1,1,0,1,5,0,0,0
127.0.0.1-8000-127.0.0.1-44980-tcp,127.0.0.1,8000,127.0.0.1,44980,tcp,6,2205,367.5,661.0614948701823,66,1711,9.149316666666667e-05,0.00020896479339871268,2e-06,0.000518,0.093328208,0.09397925,0.0006510420000000045,1,1,0,2,6,0,0,0
127.0.0.1-44996-127.0.0.1-8000-tcp,127.0.0.1,44996,127.0.0.1,8000,tcp,6,501,83.5,39.07812687425025,66,163,0.0006226875000000001,0.0014873910888341035,1.917e-06,0.003658708,0.097637958,0.098238333,0.0006003750000000002,1,1,0,1,5,0,0,0
127.0.0.1-8000-127.0.0.1-44996-tcp,127.0.0.1,8000,127.0.0.1,44996,tcp,6,2205,367.5,661.0614948701823,66,1711,8.810416666666667e-05,0.0001968173335409426,2.584e-06,0.000489791,0.097645208,0.098244,0.0005987920000000008,1,1,0,2,6,0,0,0
127.0.0.1-45002-127.0.0.1-8000-tcp,127.0.0.1,45002,127.0.0.1,8000,tcp,6,501,83.5,39.07812687425025,66,163,0.0007064166666666667,0.0016950575132999666,1.916e-06,0.004166333,0.102410333,0.103124542,0.0007142089999999934,1,1,0,1,5,0,0,0
127.0.0.1-8000-127.0.0.1-45002-tcp,127.0.0.1,8000,127.0.0.1,45002,tcp,6,2205,367.5,661.0614948701823,66,1711,0.00010813883333333334,0.0002452703566103468,2.666e-06,0.00060875,0.102418792,0.103131333,0.000712541000000011,1,1,0,2,6,0,0,0
127.0.0.1-45006-127.0.0.1-8000-tcp,127.0.0.1,45006,127.0.0.1,8000,tcp,6,501,83.5,39.07812687425025,66,163,0.0005819723333333333,0.0013959310596768975,1.584e-06,0.003431334,0.106562667,0.107208625,0.000645958000000002,1,1,0,1,5,0,0,0
127.0.0.1-8000-127.0.0.1-45006-tcp,127.0.0.1,8000,127.0.0.1,45006,tcp,6,2205,367.5,661.0614948701823,66,1711,9.843050000000001e-05,0.00022685514024130024,1.708e-06,0.000561459,0.106566917,0.10721375,0.0006468329999999994,1,1,0,2,6,0,0,0
127.0.0.1-45020-127.0.0.1-8000-tcp,127.0.0.1,45020,127.0.0.1,8000,tcp,6,501,83.5,39.07812687425025,66,163,0.0005631596666666667,0.0013516836536765053,1.833e-06,0.003322208,0.110535958,0.111230833,0.0006948749999999976,1,1,0,1,5,0,0,0
127.0.0.1-8000-127.0.0.1-45020-tcp,127.0.0.1,8000,127.0.0.1,45020,tcp,6,2205,367.5,661.0614948701823,66,1711,0.00010727783333333331,0.00024665524374107,1.75e-06,0.000610708,0.110540417,0.111236375,0.0006959579999999965,1,1,0,2,6,0,0,0
127.0.0.1-45030-127.0.0.1-8000-tcp,127.0.0.1,45030,127.0.0.1,8000,tcp,6,501,83.5,39.07812687425025,66,163,0.0008037498333333333,0.0019335241203564456,1.958e-06,0.004750458,0.115986833,0.11696625,0.0009794169999999963,1,1,0,1,5,0,0,0
127.0.0.1-8000-127.0.0.1-45030-tcp,127.0.0.1,8000,127.0.0.1,45030,tcp,6,2205,367.5,661.0614948701823,66,1711,0.00015267383333333334,0.00035211071480454367,2.625e-06,0.000871375,0.115995417,0.116974917,0.0009794999999999943,1,1,0,2,6,0,0,0
127.0.0.1-45044-127.0.0.1-8000-tcp,127.0.0.1,45044,127.0.0.1,8000,tcp,6,501,83.5,39.07812687425025,66,163,0.0006909373333333332,0.0016592305490368319,1.791e-06,0.00407775,0.121052667,0.121583,0.000530332999999994,1,1,0,1,5,0,0,0
127.0.0.1-8000-127.0.0.1-45044-tcp,127.0.0.1,8000,127.0.0.1,45044,tcp,6,2205,367.5,661.0614948701823,66,1711,7.806266666666668e-05,0.00017535713053499328,1.834e-06,0.000435958,0.121058333,0.121588917,0.0005305840000000006,1,1,0,2,6,0,0,0
127.0.0.1-45048-127.0.0.1-8000-tcp,127.0.0.1,45048,127.0.0.1,8000,tcp,6,501,83.5,39.07812687425025,66,163,0.0006148541666666667,0.0014246766768693053,1.75e-06,0.003521333,0.12511025,0.125808875,0.0006986249999999805,1,1,0,1,5,0,0,0
127.0.0.1-8000-127.0.0.1-45048-tcp,127.0.0.1,8000,127.0.0.1,45048,tcp,6,2205,367.5,661.0614948701823,66,1711,8.939583333333335e-05,0.0002040527552261098,1.833e-06,0.000505875,0.125114917,0.125814417,0.0006995000000000196,1,1,0,2,6,0,0,0
127.0.0.1-45052-127.0.0.1-8000-tcp,127.0.0.1,45052,127.0.0.1,8000,tcp,6,501,83.5,39.07812687425025,66,163,0.0006459026666666667,0.0015538331917527913,1.708e-06,0.003817583,0.129632,0.130275625,0.0006436250000000088,1,1,0,1,5,0,0,0
127.0.0.1-8000-127.0.0.1-45052-tcp,127.0.0.1,8000,127.0.0.1,45052,tcp,6,2205,367.5,661.0614948701823,66,1711,9.857650000000001e-05,0.00022511339446843227,1.958e-06,0.000558042,0.129637833,0.130281292,0.0006434589999999851,1,1,0,2,6,0,0,0
127.0.0.1-45068-127.0.0.1-8000-tcp,127.0.0.1,45068,127.0.0.1,8000,tcp,6,501,83.5,39.07812687425025,66,163,0.0006890763333333333,0.001653779143465253,2e-06,0.00406475,0.134346042,0.135090167,0.0007441250000000121,1,1,0,1,5,0,0,0
127.0.0.1-8000-127.0.0.1-45068-tcp,127.0.0.1,8000,127.0.0.1,45068,tcp,6,2205,367.5,661.0614948701823,66,1711,0.00011370133333333334,0.00025812287399118016,2.167e-06,0.000640542,0.1343545,0.135097958,0.0007434580000000024,1,1,0,2,6,0,0,0
127.0.0.1-45074-127.0.0.1-8000-tcp,127.0.0.1,45074,127.0.0.1,8000,tcp,6,501,83.5,39.07812687425025,66,163,0.000588125,0.0014072958628736179,1.708e-06,0.003460667,0.138558625,0.139220667,0.0006620420000000016,1,1,0,1,5,0,0,0
127.0.0.1-8000-127.0.0.1-45074-tcp,127.0.0.1,8000,127.0.0.1,45074,tcp,6,2205,367.5,661.0614948701823,66,1711,9.989583333333333e-05,0.00022987403610796647,1.792e-06,0.000569083,0.138562875,0.139226083,0.0006632079999999985,1,1,0,2,6,0,0,0
127.0.0.1-45086-127.0.0.1-8000-tcp,127.0.0.1,45086,127.0.0.1,8000,tcp,6,501,83.5,39.07812687425025,66,163,0.0005796181666666666,0.0013795172702242501,1.75e-06,0.003395459,0.142621542,0.143192167,0.000570625000000019,1,1,0,1,5,0,0,0
127.0.0.1-8000-127.0.0.1-45086-tcp,127.0.0.1,8000,127.0.0.1,45086,tcp,6,2205,367.5,661.0614948701823,66,1711,8.234016666666666e-05,0.00018669347846822786,1.875e-06,0.000463375,0.142625667,0.143197833,0.0005721659999999851,1,1,0,2,6,0,0,0
127.0.0.1-45102-127.0.0.1-8000-tcp,127.0.0.1,45102,127.0.0.1,8000,tcp,6,501,83.5,39.07812687425025,66,163,0.0005711183333333333,0.001355218546866839,2.75e-06,0.003337334,0.146535167,0.147778792,0.0012436249999999982,1,1,0,1,5,0,0,0
127.0.0.1-8000-127.0.0.1-45102-tcp,127.0.0.1,8000,127.0.0.1,45102,tcp,6,2205,367.5,661.0614948701823,66,1711,0.0001937775,0.0004226541320610742,1.875e-06,0.001054708,0.146540708,0.147787208,0.0012465000000000115,1,1,0,2,6,0,0,0
127.0.0.1-45114-127.0.0.1-8000-tcp,127.0.0.1,45114,127.0.0.1,8000,tcp,6,501,83.5,39.07812687425025,66,163,0.000749854,0.0017751371057427648,2.083e-06,0.004372875,0.152160083,0.152916958,0.0007568749999999902,1,1,0,1,5,0,0,0
127.0.0.1-8000-127.0.0.1-45114-tcp,127.0.0.1,8000,127.0.0.1,45114,tcp,6,2205,367.5,661.0614948701823,66,1711,0.00010622933333333334,0.00023970438473809084,2.625e-06,0.000595459,0.152168292,0.152923708,0.000755415999999981,1,1,0,2,6,0,0,0
127.0.0.1-45128-127.0.0.1-8000-tcp,127.0.0.1,45128,127.0.0.1,8000,tcp,6,501,83.5,39.07812687425025,66,163,0.0006231804999999999,0.0015008637563614828,1.458e-06,0.00368675,0.156610458,0.157222,0.0006115419999999927,1,1,0,1,5,0,0,0
127.0.0.1-8000-127.0.0.1-45128-tcp,127.0.0.1,8000,127.0.0.1,45128,tcp,6,2205,367.5,661.0614948701823,66,1711,9.415983333333333e-05,0.0002159885644791563,1.708e-06,0.000535,0.156614292,0.15722775,0.0006134580000000112,1,1,0,2,6,0,0,0
127.0.0.1-45132-127.0.0.1-8000-tcp,127.0.0.1,45132,127.0.0.1,8000,tcp,6,501,83.5,39.07812687425025,66,163,0.0006248125,0.0014986836261566016,2.042e-06,0.003683917,0.160911667,0.161675042,0.0007633749999999828,1,1,0,1,5,0,0,0
127.0.0.1-8000-127.0.0.1-45132-tcp,127.0.0.1,8000,127.0.0.1,45132,tcp,6,2205,367.5,661.0614948701823,66,1711,0.00011734033333333335,0.00027007517782548377,1.959e-06,0.000668583,0.160917875,0.161680667,0.0007627920000000121,1,1,0,2,6,0,0,0
127.0.0.1-45134-127.0.0.1-8000-tcp,127.0.0.1,45134,127.0.0.1,8000,tcp,6,501,83.5,39.07812687425025,66,163,0.0006831388333333335,0.001537569498240833,1.708e-06,0.003816583,0.16549725,0.166348208,0.000850957999999985,1,1,0,1,5,0,0,0
127.0.0.1-8000-127.0.0.1-45134-tcp,127.0.0.1,8000,127.0.0.1,45134,tcp,6,2205,367.5,661.0614948701823,66,1711,9.6118e-05,0.00021047085914586847,2.375e-06,0.000525583,0.165504458,0.166356208,0.0008517500000000122,1,1,0,2,6,0,0,0
127.0.0.1-45142-127.0.0.1-8000-tcp,127.0.0.1,45142,127.0.0.1,8000,tcp,6,501,83.5,39.07812687425025,66,163,0.0006698126666666665,0.0016068351502466786,1.875e-06,0.003949667,0.170305875,0.170946917,0.0006410420000000083,1,1,0,1,5,0,0,0
127.0.0.1-8000-127.0.0.1-45142-tcp,127.0.0.1,8000,127.0.0.1,45142,tcp,6,2205,367.5,661.0614948701823,66,1711,9.619433333333333e-05,0.0002205796305533824,1.917e-06,0.000546416,0.170311167,0.17095225,0.0006410829999999867,1,1,0,2,6,0,0,0
127.0.0.1-45156-127.0.0.1-8000-tcp,127.0.0.1,45156,127.0.0.1,8000,tcp,6,501,83.5,39.07812687425025,66,163,0.0005808956666666668,0.0013711838404302562,1.958e-06,0.003379458,0.174331708,0.174940042,0.0006083339999999882,1,1,0,1,5,0,0,0
127.0.0.1-8000-127.0.0.1-45156-tcp,127.0.0.1,8000,127.0.0.1,45156,tcp,6,2205,367.5,661.0614948701823,66,1711,8.460433333333333e-05,0.0001915658778808655,1.75e-06,0.000475583,0.174337167,0.17494525,0.0006080830000000093,1,1,0,2,6,0,0,0
127.0.0.1-45164-127.0.0.1-8000-tcp,127.0.0.1,45164,127.0.0.1,8000,tcp,6,501,83.5,39.07812687425025,66,163,0.0006994929999999999,0.0016732642156607547,2.041e-06,0.004114917,0.179060167,0.17991225,0.0008520830000000035,1,1,0,1,5,0,0,0
127.0.0.1-8000-127.0.0.1-45164-tcp,127.0.0.1,8000,127.0.0.1,45164,tcp,6,2205,367.5,661.0614948701823,66,1711,0.0001296945,0.0002983203413156736,1.75e-06,0.000738583,0.179065542,0.179920375,0.0008548329999999993,1,1,0,2,6,0,0,0
127.0.0.1-45172-127.0.0.1-8000-tcp,127.0.0.1,45172,127.0.0.1,8000,tcp,6,501,83.5,39.07812687425025,66,163,0.001040229,0.0024994431553828945,2e-06,0.006142042,0.186062417,0.186749083,0.0006866660000000024,1,1,0,1,5,0,0,0
127.0.0.1-8000-127.0.0.1-45172-tcp,127.0.0.1,8000,127.0.0.1,45172,tcp,6,2205,367.5,661.0614948701823,66,1711,9.893066666666666e-05,0.00022111967734570042,2.459e-06,0.000550208,0.186072167,0.186755333,0.0006831659999999851,1,1,0,2,6,0,0,0
127.0.0.1-45180-127.0.0.1-8000-tcp,127.0.0.1,45180,127.0.0.1,8000,tcp,6,501,83.5,39.07812687425025,66,163,0.0005947363333333333,0.001425202269523125,1.75e-06,0.003503834,0.190259167,0.190916542,0.0006573749999999878,1,1,0,1,5,0,0,0
127.0.0.1-8000-127.0.0.1-45180-tcp,127.0.0.1,8000,127.0.0.1,45180,tcp,6,2205,367.5,661.0614948701823,66,1711,9.969433333333332e-05,0.00022954621901714403,1.541e-06,0.000568209,0.190263208,0.190921917,0.0006587090000000073,1,1,0,2,6,0,0,0
127.0.0.1-45188-127.0.0.1-8000-tcp,127.0.0.1,45188,127.0.0.1,8000,tcp,6,501,83.5,39.07812687425025,66,163,0.0005746595,0.0013800802559381464,1.541e-06,0.003391666,0.194313583,0.19488,0.0005664169999999857,1,1,0,1,5,0,0,0
127.0.0.1-8000-127.0.0.1-45188-tcp,127.0.0.1,8000,127.0.0.1,45188,tcp,6,2205,367.5,661.0614948701823,66,1711,8.604883333333331e-05,0.00019571554289367685,1.625e-06,0.0004855,0.194317583,0.194886167,0.0005685840000000109,1,1,0,2,6,0,0,0
127.0.0.1-45196-127.0.0.1-8000-tcp,127.0.0.1,45196,127.0.0.1,8000,tcp,6,501,83.5,39.07812687425025,66,163,0.0006130971666666666,0.0014589138585256384,2e-06,0.003590875,0.198477042,0.199172125,0.000695083000000013,1,1,0,1,5,0,0,0
127.0.0.1-8000-127.0.0.1-45196-tcp,127.0.0.1,8000,127.0.0.1,45196,tcp,6,2205,367.5,661.0614948701823,66,1711,0.00010229166666666667,0.00023159549506297975,2.375e-06,0.000574958,0.198482375,0.1991785,0.0006961250000000196,1,1,0,2,6,0,0,0
127.0.0.1-45204-127.0.0.1-8000-tcp,127.0.0.1,45204,127.0.0.1,8000,tcp,6,501,83.5,39.07812687425025,66,163,0.0006598540000000001,0.001584724338768355,1.583e-06,0.003894583,0.203073083,0.203677833,0.000604750000000015,1,1,0,1,5,0,0,0
127.0.0.1-8000-127.0.0.1-45204-tcp,127.0.0.1,8000,127.0.0.1,45204,tcp,6,2205,367.5,661.0614948701823,66,1711,9.104883333333333e-05,0.00020595565821935233,2.209e-06,0.000511416,0.203080625,0.203683917,0.0006032920000000053,1,1,0,2,6,0,0,0
127.0.0.1-45216-127.0.0.1-8000-tcp,127.0.0.1,45216,127.0.0.1,8000,tcp,6,501,83.5,39.07812687425025,66,163,0.0005676804999999999,0.0013631598836194895,1.542e-06,0.003350166,0.207034083,0.207676083,0.0006420000000000037,1,1,0,1,5,0,0,0
127.0.0.1-8000-127.0.0.1-45216-tcp,127.0.0.1,8000,127.0.0.1,45216,tcp,6,2205,367.5,661.0614948701823,66,1711,9.846533333333333e-05,0.00022631439532885808,1.875e-06,0.000560375,0.207037833,0.207680792,0.0006429589999999985,1,1,0,2,6,0,0,0
127.0.0.1-45226-127.0.0.1-8000-tcp,127.0.0.1,45226,127.0.0.1,8000,tcp,6,501,83.5,39.07812687425025,66,163,0.0005532288333333333,0.0013273796022861609,1.458e-06,0.003262666,0.210943458,0.21145325,0.0005097920000000089,1,1,0,1,5,0,0,0
127.0.0.1-8000-127.0.0.1-45226-tcp,127.0.0.1,8000,127.0.0.1,45226,tcp,6,2205,367.5,661.0614948701823,66,1711,7.62225e-05,0.00017384495409732205,1.709e-06,0.000431041,0.210947292,0.2114575,0.0005102079999999842,1,1,0,2,6,0,0,0
127.0.0.1-45240-127.0.0.1-8000-tcp,127.0.0.1,45240,127.0.0.1,8000,tcp,6,501,83.5,39.07812687425025,66,163,0.0006843193333333332,0.0016352301473147647,1.958e-06,0.004022125,0.215479625,0.216503,0.001023374999999993,1,1,0,1,5,0,0,0
127.0.0.1-8000-127.0.0.1-45240-tcp,127.0.0.1,8000,127.0.0.1,45240,tcp,6,2205,367.5,661.0614948701823,66,1711,0.00015779183333333334,0.0003674175512200889,2.334e-06,0.00090775,0.2154875,0.216510167,0.0010226670000000049,1,1,0,2,6,0,0,0
127.0.0.1-45246-127.0.0.1-8000-tcp,127.0.0.1,45246,127.0.0.1,8000,tcp,6,501,83.5,39.07812687425025,66,163,0.0006645764999999999,0.0015957577424141483,1.709e-06,0.003921833,0.220432,0.220947375,0.0005153750000000124,1,1,0,1,5,0,0,0
127.0.0.1-8000-127.0.0.1-45246-tcp,127.0.0.1,8000,127.0.0.1,45246,tcp,6,2205,367.5,661.0614948701823,66,1711,7.59165e-05,0.000171565878293733,1.875e-06,0.000426084,0.220436583,0.220953125,0.0005165420000000087,1,1,0,2,6,0,0,0
127.0.0.1-45262-127.0.0.1-8000-tcp,127.0.0.1,45262,127.0.0.1,8000,tcp,6,501,83.5,39.07812687425025,66,163,0.0006069791666666666,0.001457551122011357,1.417e-06,0.003582125,0.22453525,0.225125917,0.0005906670000000169,1,1,0,1,5,0,0,0
127.0.0.1-8000-127.0.0.1-45262-tcp,127.0.0.1,8000,127.0.0.1,45262,tcp,6,2205,367.5,661.0614948701823,66,1711,8.930550000000002e-05,0.00020603107146617474,1.709e-06,0.000509833,0.224538625,0.225130833,0.0005922080000000107,1,1,0,2,6,0,0,0
127.0.0.1-45272-127.0.0.1-8000-tcp,127.0.0.1,45272,127.0.0.1,8000,tcp,6,501,83.5,39.07812687425025,66,163,0.0005960418333333333,0.0014324303512543172,1.709e-06,0.003519917,0.22865075,0.22913325,0.0004824999999999968,1,1,0,1,5,0,0,0
127.0.0.1-8000-127.0.0.1-45272-tcp,127.0.0.1,8000,127.0.0.1,45272,tcp,6,2205,367.5,661.0614948701823,66,1711,7.196516666666668e-05,0.00016157194074395054,1.75e-06,0.000401708,0.228654417,0.229138875,0.00048445799999999317,1,1,0,2,6,0,0,0
127.0.0.1-45280-127.0.0.1-8000-tcp,127.0.0.1,45280,127.0.0.1,8000,tcp,6,501,83.5,39.07812687425025,66,163,0.0007261248333333333,0.0017090822787488513,1.75e-06,0.004214208,0.233353083,0.234030125,0.0006770420000000166,1,1,0,1,5,0,0,0
127.0.0.1-8000-127.0.0.1-45280-tcp,127.0.0.1,8000,127.0.0.1,45280,tcp,6,2205,367.5,661.0614948701823,66,1711,9.002099999999998e-05,0.0002015642163907076,3.167e-06,0.000501417,0.233362833,0.23403575,0.0006729169999999951,1,1,0,2,6,0,0,0
127.0.0.1-45288-127.0.0.1-8000-tcp,127.0.0.1,45288,127.0.0.1,8000,tcp,6,501,83.5,39.07812687425025,66,163,0.0006469236666666666,0.001552583871942597,1.708e-06,0.003816042,0.237851792,0.238416917,0.0005651249999999997,1,1,0,1,5,0,0,0
127.0.0.1-8000-127.0.0.1-45288-tcp,127.0.0.1,8000,127.0.0.1,45288,tcp,6,2205,367.5,661.0614948701823,66,1711,8.40555e-05,0.00019104060235536322,1.708e-06,0.000473958,0.237856167,0.238421625,0.0005654579999999909,1,1,0,2,6,0,0,0
127.0.0.1-45298-127.0.0.1-8000-tcp,127.0.0.1,45298,127.0.0.1,8000,tcp,6,501,83.5,39.07812687425025,66,163,0.0005862153333333333,0.0014065300525326382,1.584e-06,0.003457208,0.241878833,0.242431417,0.0005525840000000226,1,1,0,1,5,0,0,0
127.0.0.1-8000-127.0.0.1-45298-tcp,127.0.0.1,8000,127.0.0.1,45298,tcp,6,2205,367.5,661.0614948701823,66,1711,8.295833333333333e-05,0.00018922390423375864,1.75e-06,0.000469167,0.24188275,0.242436667,0.0005539169999999871,1,1,0,2,6,0,0,0
127.0.0.1-45306-127.0.0.1-8000-tcp,127.0.0.1,45306,127.0.0.1,8000,tcp,6,501,83.5,39.07812687425025,66,163,0.0006386458333333333,0.001513940423326548,1.834e-06,0.003728791,0.246165458,0.246975083,0.0008096250000000083,1,1,0,1,5,0,0,0
127.0.0.1-8000-127.0.0.1-45306-tcp,127.0.0.1,8000,127.0.0.1,45306,tcp,6,2205,367.5,661.0614948701823,66,1711,0.00011878466666666667,0.0002684635228269693,2.375e-06,0.000666667,0.246172125,0.24698125,0.0008091250000000216,1,1,0,2,6,0,0,0
127.0.0.1-45318-127.0.0.1-8000-tcp,127.0.0.1,45318,127.0.0.1,8000,tcp,6,501,83.5,39.07812687425025,66,163,0.0009465831666666667,0.0022576034783679277,1.875e-06,0.005554708,0.252535958,0.253289708,0.0007537499999999975,1,1,0,1,5,0,0,0
127.0.0.1-8000-127.0.0.1-45318-tcp,127.0.0.1,8000,127.0.0.1,45318,tcp,6,2205,367.5,661.0614948701823,66,1711,0.00010595850000000001,0.0002370487846885109,2.25e-06,0.00058975,0.252545417,0.2532965,0.0007510829999999857,1,1,0,2,6,0,0,0
127.0.0.1-45332-127.0.0.1-8000-tcp,127.0.0.1,45332,127.0.0.1,8000,tcp,6,501,83.5,39.07812687425025,66,163,0.0006203263333333333,0.0014893274624566172,1.5e-06,0.003660333,0.256956833,0.257506375,0.000549542000000014,1,1,0,1,5,0,0,0
127.0.0.1-8000-127.0.0.1-45332-tcp,127.0.0.1,8000,127.0.0.1,45332,tcp,6,2205,367.5,661.0614948701823,66,1711,8.214583333333334e-05,0.00018377020045852555,1.792e-06,0.000457167,0.25696175,0.257511333,0.0005495830000000201,1,1,0,2,6,0,0,0
127.0.0.1-45338-127.0.0.1-8000-tcp,127.0.0.1,45338,127.0.0.1,8000,tcp,6,501,83.5,39.07812687425025,66,163,0.0006586735,0.0015862126032899562,1.291e-06,0.003896459,0.261407792,0.261955958,0.0005481659999999611,1,1,0,1,5,0,0,0
127.0.0.1-8000-127.0.0.1-45338-tcp,127.0.0.1,8000,127.0.0.1,45338,tcp,6,2205,367.5,661.0614948701823,66,1711,8.290983333333333e-05,0.00019010102050480074,1.625e-06,0.000470917,0.261411583,0.261960833,0.0005492500000000011,1,1,0,2,6,0,0,0
127.0.0.1-45354-127.0.0.1-8000-tcp,127.0.0.1,45354,127.0.0.1,8000,tcp,6,501,83.5,39.07812687425025,66,163,0.0006595068333333332,0.0015749113353287437,1.875e-06,0.003874167,0.265835,0.267179833,0.0013448329999999897,1,1,0,1,5,0,0,0
127.0.0.1-8000-127.0.0.1-45354-tcp,127.0.0.1,8000,127.0.0.1,45354,tcp,6,2205,367.5,661.0614948701823,66,1711,0.00021142383333333333,0.0004989909648839011,2.042e-06,0.001229958,0.265841917,0.267186417,0.0013445000000000262,1,1,0,2,6,0,0,0
127.0.0.1-45362-127.0.0.1-8000-tcp,127.0.0.1,45362,127.0.0.1,8000,tcp,6,501,83.5,39.07812687425025,66,163,0.0006278750000000001,0.0015100963420020593,1.709e-06,0.003710291,0.270896708,0.271432792,0.0005360839999999922,1,1,0,1,5,0,0,0
127.0.0.1-8000-127.0.0.1-45362-tcp,127.0.0.1,8000,127.0.0.1,45362,tcp,6,2205,367.5,661.0614948701823,66,1711,8.069433333333333e-05,0.00018296873232732052,1.708e-06,0.000454125,0.270901167,0.271437833,0.000536666000000019,1,1,0,2,6,0,0,0
127.0.0.1-45366-127.0.0.1-8000-tcp,127.0.0.1,45366,127.0.0.1,8000,tcp,6,501,83.5,39.07812687425025,66,163,0.000561722,0.001345485725186856,2.125e-06,0.003308125,0.274745958,0.275603958,0.0008579999999999699,1,1,0,1,5,0,0,0
127.0.0.1-8000-127.0.0.1-45366-tcp,127.0.0.1,8000,127.0.0.1,45366,tcp,6,2205,367.5,661.0614948701823,66,1711,0.00013393783333333334,0.00030899161513958055,1.667e-06,0.000764583,0.274749417,0.275611792,0.0008623750000000263,1,1,0,2,6,0,0,0
127.0.0.1-45368-127.0.0.1-8000-tcp,127.0.0.1,45368,127.0.0.1,8000,tcp,6,501,83.5,39.07812687425025,66,163,0.0006240486666666666,0.0015013010802207086,1.5e-06,0.0036885,0.279300292,0.279819833,0.0005195410000000122,1,1,0,1,5,0,0,0
127.0.0.1-8000-127.0.0.1-45368-tcp,127.0.0.1,8000,127.0.0.1,45368,tcp,6,2205,367.5,661.0614948701823,66,1711,7.813883333333334e-05,0.00017632162637114788,1.833e-06,0.000438,0.279305125,0.279824917,0.0005197920000000189,1,1,0,2,6,0,0,0
127.0.0.1-45372-127.0.0.1-8000-tcp,127.0.0.1,45372,127.0.0.1,8000,tcp,6,501,83.5,39.07812687425025,66,163,0.0007195971666666667,0.0017171390715384025,1.833e-06,0.0042245,0.284049417,0.284670042,0.0006206249999999858,1,1,0,1,5,0,0,0
127.0.0.1-8000-127.0.0.1-45372-tcp,127.0.0.1,8000,127.0.0.1,45372,tcp,6,2205,367.5,661.0614948701823,66,1711,8.889583333333334e-05,0.00019907620243657118,2.417e-06,0.000495208,0.284058875,0.284675875,0.0006170000000000342,1,1,0,2,6,0,0,0
127.0.0.1-45382-127.0.0.1-8000-tcp,127.0.0.1,45382,127.0.0.1,8000,tcp,6,501,83.5,39.07812687425025,66,163,0.000642965,0.0015481155824940203,1.666e-06,0.003803,0.288478875,0.289016583,0.0005377079999999701,1,1,0,1,5,0,0,0
127.0.0.1-8000-127.0.0.1-45382-tcp,127.0.0.1,8000,127.0.0.1,45382,tcp,6,2205,367.5,661.0614948701823,66,1711,8.13405e-05,0.00018518203918279982,1.666e-06,0.000459292,0.288482667,0.289021708,0.0005390409999999624,1,1,0,2,6,0,0,0
127.0.0.1-45394-127.0.0.1-8000-tcp,127.0.0.1,45394,127.0.0.1,8000,tcp,6,501,83.5,39.07812687425025,66,163,0.000578403,0.0013852525326947431,1.709e-06,0.003405959,0.292427667,0.29291825,0.0004905829999999889,1,1,0,1,5,0,0,0
127.0.0.1-8000-127.0.0.1-45394-tcp,127.0.0.1,8000,127.0.0.1,45394,tcp,6,2205,367.5,661.0614948701823,66,1711,7.185400000000001e-05,0.00016227274061283368,1.75e-06,0.000403042,0.292431458,0.29292325,0.0004917920000000464,1,1,0,2,6,0,0,0
127.0.0.1-45404-127.0.0.1-8000-tcp,127.0.0.1,45404,127.0.0.1,8000,tcp,6,501,83.5,39.07812687425025,66,163,0.000602278,0.0014380940835987052,1.667e-06,0.003537625,0.296460875,0.297056542,0.0005956669999999664,1,1,0,1,5,0,0,0
127.0.0.1-8000-127.0.0.1-45404-tcp,127.0.0.1,8000,127.0.0.1,45404,tcp,6,2205,367.5,661.0614948701823,66,1711,8.869416666666665e-05,0.00019890653559842284,1.708e-06,0.000494625,0.296464833,0.297069083,0.0006042500000000284,1,1,0,2,6,0,0,0
127.0.0.1-45416-127.0.0.1-8000-tcp,127.0.0.1,45416,127.0.0.1,8000,tcp,6,501,83.5,39.07812687425025,66,163,0.0006650276666666668,0.0015978285372458044,1.625e-06,0.0039265,0.300995583,0.301660083,0.0006645000000000123,1,1,0,1,5,0,0,0
127.0.0.1-8000-127.0.0.1-45416-tcp,127.0.0.1,8000,127.0.0.1,45416,tcp,6,2205,367.5,661.0614948701823,66,1711,0.00010125016666666668,0.00022976477776231647,2.458e-06,0.000570209,0.3010025,0.30166675,0.0006642499999999774,1,1,0,2,6,0,0,0
127.0.0.1-45426-127.0.0.1-8000-tcp,127.0.0.1,45426,127.0.0.1,8000,tcp,6,501,83.5,39.07812687425025,66,163,0.0006298615000000001,0.0015119520903448958,1.584e-06,0.003716042,0.305382792,0.306014,0.0006312079999999942,1,1,0,1,5,0,0,0
127.0.0.1-8000-127.0.0.1-45426-tcp,127.0.0.1,8000,127.0.0.1,45426,tcp,6,2205,367.5,661.0614948701823,66,1711,9.554816666666666e-05,0.00021677878996840687,1.875e-06,0.000537958,0.305386708,0.306019208,0.0006324999999999803,1,1,0,2,6,0,0,0
127.0.0.1-45430-127.0.0.1-8000-tcp,127.0.0.1,45430,127.0.0.1,8000,tcp,6,501,83.5,39.07812687425025,66,163,0.0006578471666666666,0.0015653909089579402,1.875e-06,0.003853,0.309872208,0.3105325,0.0006602920000000068,1,1,0,1,5,0,0,0
127.0.0.1-8000-127.0.0.1-45430-tcp,127.0.0.1,8000,127.0.0.1,45430,tcp,6,2205,367.5,661.0614948701823,66,1711,9.534033333333334e-05,0.00021578103951984908,2.25e-06,0.00053575,0.309879,0.310538333,0.0006593329999999842,1,1,0,2,6,0,0,0
127.0.0.1-45442-127.0.0.1-8000-tcp,127.0.0.1,45442,127.0.0.1,8000,tcp,6,501,83.5,39.07812687425025,66,163,0.0005845696666666667,0.0013969527240025935,1.917e-06,0.003436,0.313974333,0.314585833,0.000611499999999987,1,1,0,1,5,0,0,0
127.0.0.1-8000-127.0.0.1-45442-tcp,127.0.0.1,8000,127.0.0.1,45442,tcp,6,2205,367.5,661.0614948701823,66,1711,9.107616666666664e-05,0.0002069512766922849,1.833e-06,0.000513458,0.313978833,0.314592208,0.0006133749999999716,1,1,0,2,6,0,0,0
127.0.0.1-45446-127.0.0.1-8000-tcp,127.0.0.1,45446,127.0.0.1,8000,tcp,6,501,83.5,39.07812687425025,66,163,0.000690021,0.0016588569548190706,1.709e-06,0.004076084,0.318668292,0.319378083,0.0007097909999999596,1,1,0,1,5,0,0,0
127.0.0.1-8000-127.0.0.1-45446-tcp,127.0.0.1,8000,127.0.0.1,45446,tcp,6,2205,367.5,661.0614948701823,66,1711,0.00010862483333333332,0.0002481101530686857,2.959e-06,0.000615041,0.318675,0.319384083,0.0007090829999999992,1,1,0,2,6,0,0,0
127.0.0.1-45452-127.0.0.1-8000-tcp,127.0.0.1,45452,127.0.0.1,8000,tcp,6,501,83.5,39.07812687425025,66,163,0.0005894305,0.0014099970552997267,1.5e-06,0.0034675,0.322851583,0.323405708,0.0005541250000000164,1,1,0,1,5,0,0,0
127.0.0.1-8000-127.0.0.1-45452-tcp,127.0.0.1,8000,127.0.0.1,45452,tcp,6,2205,367.5,661.0614948701823,66,1711,8.17015e-05,0.0001854365036650012,1.709e-06,0.000460166,0.322855417,0.323410875,0.0005554580000000087,1,1,0,2,6,0,0,0
127.0.0.1-45458-127.0.0.1-8000-tcp,127.0.0.1,45458,127.0.0.1,8000,tcp,6,501,83.5,39.07812687425025,66,163,0.0005521946666666666,0.0013253890920231187,1.625e-06,0.003257583,0.326668458,0.327172,0.0005035420000000235,1,1,0,1,5,0,0,0
127.0.0.1-8000-127.0.0.1-45458-tcp,127.0.0.1,8000,127.0.0.1,45458,tcp,6,2205,367.5,661.0614948701823,66,1711,7.568733333333334e-05,0.0001705222456369452,1.583e-06,0.000423708,0.326672333,0.327178167,0.0005058340000000383,1,1,0,2,6,0,0,0
127.0.0.1-45464-127.0.0.1-8000-tcp,127.0.0.1,45464,127.0.0.1,8000,tcp,6,501,83.5,39.07812687425025,66,163,0.0005621665,0.0013471850528932912,1.625e-06,0.003312041,0.330490208,0.33099225,0.0005020419999999803,1,1,0,1,5,0,0,0
127.0.0.1-8000-127.0.0.1-45464-tcp,127.0.0.1,8000,127.0.0.1,45464,tcp,6,2205,367.5,661.0614948701823,66,1711,7.435433333333333e-05,0.0001674414169238503,1.75e-06,0.000416083,0.330494375,0.330997292,0.0005029169999999916,1,1,0,2,6,0,0,0
127.0.0.1-45468-127.0.0.1-8000-tcp,127.0.0.1,45468,127.0.0.1,8000,tcp,6,501,83.5,39.07812687425025,66,163,0.0006597080000000001,0.0015855230085089272,1.75e-06,0.003896083,0.334893375,0.335506583,0.0006132080000000317,1,1,0,1,5,0,0,0
127.0.0.1-8000-127.0.0.1-45468-tcp,127.0.0.1,8000,127.0.0.1,45468,tcp,6,2205,367.5,661.0614948701823,66,1711,9.3035e-05,0.00020860122912868946,2.375e-06,0.000518792,0.334901542,0.33551375,0.000612208000000003,1,1,0,2,6,0,0,0
127.0.0.1-45472-127.0.0.1-8000-tcp,127.0.0.1,45472,127.0.0.1,8000,tcp,6,501,83.5,39.07812687425025,66,163,0.000655139,0.0015642235719318385,1.834e-06,0.003847958,0.339361708,0.340058833,0.0006971250000000206,1,1,0,1,5,0,0,0
127.0.0.1-8000-127.0.0.1-45472-tcp,127.0.0.1,8000,127.0.0.1,45472,tcp,6,2205,367.5,661.0614948701823,66,1711,0.00010355549999999999,0.00023455433455704886,2.083e-06,0.000582292,0.339370083,0.340065917,0.0006958340000000063,1,1,0,2,6,0,0,0
127.0.0.1-45488-127.0.0.1-8000-tcp,127.0.0.1,45488,127.0.0.1,8000,tcp,6,501,83.5,39.07812687425025,66,163,0.000619354,0.0014896090782824869,1.625e-06,0.003659958,0.343725875,0.34422375,0.000497874999999981,1,1,0,1,5,0,0,0
127.0.0.1-8000-127.0.0.1-45488-tcp,127.0.0.1,8000,127.0.0.1,45488,tcp,6,2205,367.5,661.0614948701823,66,1711,7.45695e-05,0.00016784758633087341,1.75e-06,0.000417125,0.343729542,0.344229458,0.0004999159999999891,1,1,0,2,6,0,0,0
127.0.0.1-45490-127.0.0.1-8000-tcp,127.0.0.1,45490,127.0.0.1,8000,tcp,6,501,83.5,39.07812687425025,66,163,0.0005966111666666666,0.001432825688267546,1.583e-06,0.003521292,0.34775075,0.348332042,0.000581292000000011,1,1,0,1,5,0,0,0
127.0.0.1-8000-127.0.0.1-45490-tcp,127.0.0.1,8000,127.0.0.1,45490,tcp,6,2205,367.5,661.0614948701823,66,1711,8.817366666666664e-05,0.00020077543728321614,1.75e-06,0.000497958,0.347755167,0.348338167,0.0005830000000000002,1,1,0,2,6,0,0,0
127.0.0.1-45496-127.0.0.1-8000-tcp,127.0.0.1,45496,127.0.0.1,8000,tcp,6,501,83.5,39.07812687425025,66,163,0.0006676041666666666,0.0016072778195476247,1.875e-06,0.003948375,0.352286542,0.352928833,0.000642291000000017,1,1,0,1,5,0,0,0
127.0.0.1-8000-127.0.0.1-45496-tcp,127.0.0.1,8000,127.0.0.1,45496,tcp,6,2205,367.5,661.0614948701823,66,1711,9.864583333333333e-05,0.00022267555831515648,2.25e-06,0.000553125,0.352293875,0.352935667,0.0006417920000000299,1,1,0,2,6,0,0,0
127.0.0.1-45504-127.0.0.1-8000-tcp,127.0.0.1,45504,127.0.0.1,8000,tcp,6,501,83.5,39.07812687425025,66,163,0.0006055345,0.0014562330332315292,1.583e-06,0.003578,0.356513667,0.356989083,0.0004754160000000063,1,1,0,1,5,0,0,0
127.0.0.1-8000-127.0.0.1-45504-tcp,127.0.0.1,8000,127.0.0.1,45504,tcp,6,2205,367.5,661.0614948701823,66,1711,7.086133333333333e-05,0.00015985931738208653,1.708e-06,0.000397125,0.356517792,0.356994042,0.0004762500000000114,1,1,0,2,6,0,0,0
127.0.0.1-45508-127.0.0.1-8000-tcp,127.0.0.1,45508,127.0.0.1,8000,tcp,6,501,83.5,39.07812687425025,66,163,0.0006085415,0.001451140952656874,1.458e-06,0.0035705,0.360564542,0.361091375,0.0005268330000000043,1,1,0,1,5,0,0,0
127.0.0.1-8000-127.0.0.1-45508-tcp,127.0.0.1,8000,127.0.0.1,45508,tcp,6,2205,367.5,661.0614948701823,66,1711,7.534033333333333e-05,0.00017052721064940532,1.625e-06,0.000423375,0.360567917,0.361097333,0.0005294160000000048,1,1,0,2,6,0,0,0
127.0.0.1-45512-127.0.0.1-8000-tcp,127.0.0.1,45512,127.0.0.1,8000,tcp,6,501,83.5,39.07812687425025,66,163,0.0006337986666666666,0.0015038130894735112,1.792e-06,0.003703167,0.3648005,0.365517292,0.0007167919999999661,1,1,0,1,5,0,0,0
127.0.0.1-8000-127.0.0.1-45512-tcp,127.0.0.1,8000,127.0.0.1,45512,tcp,6,2205,367.5,661.0614948701823,66,1711,0.00010382633333333334,0.00023695910551963745,1.959e-06,0.000587458,0.364805833,0.365523083,0.0007172500000000026,1,1,0,2,6,0,0,0
127.0.0.1-45514-127.0.0.1-8000-tcp,127.0.0.1,45514,127.0.0.1,8000,tcp,6,501,83.5,39.07812687425025,66,163,0.0007012780000000001,0.001669184432557649,2.042e-06,0.004108292,0.369631375,0.370321792,0.0006904169999999987,1,1,0,1,5,0,0,0
127.0.0.1-8000-127.0.0.1-45514-tcp,127.0.0.1,8000,127.0.0.1,45514,tcp,6,2205,367.5,661.0614948701823,66,1711,9.954849999999998e-05,0.00022600646852136773,2.292e-06,0.000560833,0.369637875,0.370328042,0.0006901670000000193,1,1,0,2,6,0,0,0
127.0.0.1-45522-127.0.0.1-8000-tcp,127.0.0.1,45522,127.0.0.1,8000,tcp,7,567,81.0,36.28130831893102,66,163,0.0005391785714285714,0.0013842808478849056,1.416e-06,0.003678333,0.374006375,0.374669708,0.0006633329999999882,1,1,0,1,6,0,0,0
127.0.0.1-8000-127.0.0.1-45522-tcp,127.0.0.1,8000,127.0.0.1,45522,tcp,6,2205,367.5,661.0614948701823,66,1711,9.456933333333333e-05,0.00021522691513439174,1.833e-06,0.000533792,0.37401025,0.374655333,0.0006450829999999907,1,1,0,2,6,0,0,0
127.0.0.1-45528-127.0.0.1-8000-tcp,127.0.0.1,45528,127.0.0.1,8000,tcp,6,501,83.5,39.07812687425025,66,163,0.0005627081666666667,0.001343701203279422,1.833e-06,0.003305417,0.377975125,0.378896375,0.0009212499999999846,1,1,0,1,5,0,0,0
127.0.0.1-8000-127.0.0.1-45528-tcp,127.0.0.1,8000,127.0.0.1,45528,tcp,6,2205,367.5,661.0614948701823,66,1711,0.00014259049999999998,0.0003341639794440747,1.875e-06,0.000824667,0.377979417,0.3789015,0.000922083000000018,1,1,0,2,6,0,0,0
127.0.0.1-45532-127.0.0.1-8000-tcp,127.0.0.1,45532,127.0.0.1,8000,tcp,6,501,83.5,39.07812687425025,66,163,0.0006143263333333334,0.001471062003257329,1.916e-06,0.003617042,0.382518542,0.383484375,0.0009658329999999715,1,1,0,1,5,0,0,0
127.0.0.1-8000-127.0.0.1-45532-tcp,127.0.0.1,8000,127.0.0.1,45532,tcp,6,2205,367.5,661.0614948701823,66,1711,0.0001507015,0.0003480451117190127,2.208e-06,0.000861084,0.382525083,0.383491667,0.0009665839999999926,1,1,0,2,6,0,0,0
127.0.0.1-45546-127.0.0.1-8000-tcp,127.0.0.1,45546,127.0.0.1,8000,tcp,6,501,83.5,39.07812687425025,66,163,0.0006540830000000001,0.0015739910065870138,1.583e-06,0.003866916,0.387358583,0.387913458,0.0005548750000000102,1,1,0,1,5,0,0,0
127.0.0.1-8000-127.0.0.1-45546-tcp,127.0.0.1,8000,127.0.0.1,45546,tcp,6,2205,367.5,661.0614948701823,66,1711,8.401416666666667e-05,0.00018907631661254314,1.875e-06,0.000469917,0.387364625,0.38792025,0.000555625000000004,1,1,0,2,6,0,0,0
127.0.0.1-45550-127.0.0.1-8000-tcp,127.0.0.1,45550,127.0.0.1,8000,tcp,6,501,83.5,39.07812687425025,66,163,0.0005470208333333334,0.001312251486804632,1.708e-06,0.003225583,0.391145833,0.391673875,0.0005280420000000063,1,1,0,1,5,0,0,0
127.0.0.1-8000-127.0.0.1-45550-tcp,127.0.0.1,8000,127.0.0.1,45550,tcp,6,2205,367.5,661.0614948701823,66,1711,7.934716666666666e-05,0.00018018113553800979,1.75e-06,0.000447083,0.391149625,0.391678458,0.0005288330000000063,1,1,0,2,6,0,0,0
127.0.0.1-45552-127.0.0.1-8000-tcp,127.0.0.1,45552,127.0.0.1,8000,tcp,6,501,83.5,39.07812687425025,66,163,0.000560389,0.0013455476801054653,1.625e-06,0.003306917,0.394985375,0.395570125,0.0005847499999999672,1,1,0,1,5,0,0,0
127.0.0.1-8000-127.0.0.1-45552-tcp,127.0.0.1,8000,127.0.0.1,45552,tcp,6,2205,367.5,661.0614948701823,66,1711,8.90555e-05,0.00020460777465262657,1.666e-06,0.000506667,0.39498875,0.395575125,0.0005863750000000278,1,1,0,2,6,0,0,0
127.0.0.1-45556-127.0.0.1-8000-tcp,127.0.0.1,45556,127.0.0.1,8000,tcp,6,501,83.5,39.07812687425025,66,163,0.0006324515000000001,0.0014842498786338844,2.583e-06,0.003661875,0.399237,0.400605375,0.0013683749999999772,1,1,0,1,5,0,0,0
127.0.0.1-8000-127.0.0.1-45556-tcp,127.0.0.1,8000,127.0.0.1,45556,tcp,6,2205,367.5,661.0614948701823,66,1711,0.000207236,0.00048470607998084774,2.125e-06,0.001196583,0.39924375,0.40061325,0.001369499999999968,1,1,0,2,6,0,0,0
127.0.0.1-45566-127.0.0.1-8000-tcp,127.0.0.1,45566,127.0.0.1,8000,tcp,6,501,83.5,39.07812687425025,66,163,0.0006980971666666666,0.001668894987057654,1.666e-06,0.004104583,0.404717833,0.405285208,0.0005673749999999811,1,1,0,1,5,0,0,0
127.0.0.1-8000-127.0.0.1-45566-tcp,127.0.0.1,8000,127.0.0.1,45566,tcp,6,2205,367.5,661.0614948701823,66,1711,8.136816666666667e-05,0.0001837030266407352,2.041e-06,0.000456292,0.404722583,0.405290042,0.0005674589999999924,1,1,0,2,6,0,0,0
127.0.0.1-45580-127.0.0.1-8000-tcp,127.0.0.1,45580,127.0.0.1,8000,tcp,7,567,81.0,36.28130831893102,66,163,0.0005125597142857142,0.001329104036459739,1.542e-06,0.003526583,0.408816625,0.4094575,0.0006408749999999852,1,1,0,1,6,0,0,0
127.0.0.1-8000-127.0.0.1-45580-tcp,127.0.0.1,8000,127.0.0.1,45580,tcp,6,2205,367.5,661.0614948701823,66,1711,9.659000000000001e-05,0.00022175799084858252,1.708e-06,0.000549167,0.408820208,0.409455708,0.0006354999999999555,1,1,0,2,6,0,0,0
127.0.0.1-45590-127.0.0.1-8000-tcp,127.0.0.1,45590,127.0.0.1,8000,tcp,6,501,83.5,39.07812687425025,66,163,0.0005802848333333334,0.001393220489974852,1.542e-06,0.003424125,0.412881625,0.413478792,0.0005971670000000096,1,1,0,1,5,0,0,0
127.0.0.1-8000-127.0.0.1-45590-tcp,127.0.0.1,8000,127.0.0.1,45590,tcp,6,2205,367.5,661.0614948701823,66,1711,9.070816666666667e-05,0.00020824512851485067,1.75e-06,0.00051575,0.41288625,0.413483458,0.0005972080000000157,1,1,0,2,6,0,0,0
127.0.0.1-45598-127.0.0.1-8000-tcp,127.0.0.1,45598,127.0.0.1,8000,tcp,6,501,83.5,39.07812687425025,66,163,0.0006702223333333334,0.0015957400229041907,1.625e-06,0.003927334,0.417410792,0.418167083,0.00075629100000002,1,1,0,1,5,0,0,0
127.0.0.1-8000-127.0.0.1-45598-tcp,127.0.0.1,8000,127.0.0.1,45598,tcp,6,2205,367.5,661.0614948701823,66,1711,0.00011154166666666668,0.0002555366761462367,2.583e-06,0.000633125,0.417417958,0.418174042,0.0007560840000000457,1,1,0,2,6,0,0,0
127.0.0.1-45602-127.0.0.1-8000-tcp,127.0.0.1,45602,127.0.0.1,8000,tcp,6,501,83.5,39.07812687425025,66,163,0.0006210901666666666,0.001481562515097276,1.667e-06,0.003645166,0.421819208,0.422350125,0.0005309170000000196,1,1,0,1,5,0,0,0
127.0.0.1-8000-127.0.0.1-45602-tcp,127.0.0.1,8000,127.0.0.1,45602,tcp,6,2205,367.5,661.0614948701823,66,1711,7.581249999999999e-05,0.0001710957538722104,1.792e-06,0.000425,0.421822833,0.422355458,0.0005326250000000088,1,1,0,2,6,0,0,0
127.0.0.1-45612-127.0.0.1-8000-tcp,127.0.0.1,45612,127.0.0.1,8000,tcp,6,501,83.5,39.07812687425025,66,163,0.0005733751666666667,0.001375403351374631,1.583e-06,0.003380834,0.425736292,0.426251792,0.0005155000000000021,1,1,0,1,5,0,0,0
127.0.0.1-8000-127.0.0.1-45612-tcp,127.0.0.1,8000,127.0.0.1,45612,tcp,6,2205,367.5,661.0614948701823,66,1711,7.678466666666667e-05,0.0001747779841200449,1.625e-06,0.0004335,0.425739833,0.426256417,0.0005165839999999866,1,1,0,2,6,0,0,0
127.0.0.1-45628-127.0.0.1-8000-tcp,127.0.0.1,45628,127.0.0.1,8000,tcp,6,501,83.5,39.07812687425025,66,163,0.0005725971666666667,0.0013716410313961034,1.666e-06,0.003372375,0.429628792,0.430199708,0.0005709160000000324,1,1,0,1,5,0,0,0
127.0.0.1-8000-127.0.0.1-45628-tcp,127.0.0.1,8000,127.0.0.1,45628,tcp,6,2205,367.5,661.0614948701823,66,1711,8.545833333333333e-05,0.00019522945816004988,1.625e-06,0.000483917,0.429632333,0.43020475,0.0005724170000000472,1,1,0,2,6,0,0,0
127.0.0.1-45642-127.0.0.1-8000-tcp,127.0.0.1,45642,127.0.0.1,8000,tcp,6,501,83.5,39.07812687425025,66,163,0.0007152011666666666,0.0017106606902117575,2.125e-06,0.004206958,0.434411708,0.435030083,0.0006183750000000043,1,1,0,1,5,0,0,0
127.0.0.1-8000-127.0.0.1-45642-tcp,127.0.0.1,8000,127.0.0.1,45642,tcp,6,2205,367.5,661.0614948701823,66,1711,9.013916666666666e-05,0.0002015351017221731,2.458e-06,0.000501459,0.434419417,0.435036792,0.0006173750000000311,1,1,0,2,6,0,0,0
127.0.0.1-45650-127.0.0.1-8000-tcp,127.0.0.1,45650,127.0.0.1,8000,tcp,6,501,83.5,39.07812687425025,66,163,0.0006029028333333333,0.0014314182008719068,1.416e-06,0.003524541,0.438561333,0.439177292,0.0006159589999999993,1,1,0,1,5,0,0,0
127.0.0.1-8000-127.0.0.1-45650-tcp,127.0.0.1,8000,127.0.0.1,45650,tcp,6,2205,367.5,661.0614948701823,66,1711,8.787483333333333e-05,0.00020193887850081436,1.791e-06,0.000500042,0.438565333,0.439181458,0.0006161250000000229,1,1,0,2,6,0,0,0
127.0.0.1-45654-127.0.0.1-8000-tcp,127.0.0.1,45654,127.0.0.1,8000,tcp,6,501,83.5,39.07812687425025,66,163,0.0005557083333333333,0.0013103016951112696,1.625e-06,0.003230084,0.442411542,0.443042083,0.0006305409999999845,1,1,0,1,5,0,0,0
127.0.0.1-8000-127.0.0.1-45654-tcp,127.0.0.1,8000,127.0.0.1,45654,tcp,6,2205,367.5,661.0614948701823,66,1711,8.861116666666667e-05,0.00020047784694316397,1.75e-06,0.00049775,0.442415333,0.443047375,0.0006320419999999993,1,1,0,2,6,0,0,0
127.0.0.1-45670-127.0.0.1-8000-tcp,127.0.0.1,45670,127.0.0.1,8000,tcp,6,501,83.5,39.07812687425025,66,163,0.000549507,0.0013058254226456154,1.459e-06,0.003214875,0.44626225,0.446802,0.00053974999999995,1,1,0,1,5,0,0,0
127.0.0.1-8000-127.0.0.1-45670-tcp,127.0.0.1,8000,127.0.0.1,45670,tcp,6,2205,367.5,661.0614948701823,66,1711,7.727766666666665e-05,0.00017535112360138062,1.583e-06,0.000435167,0.446265917,0.446808083,0.0005421660000000106,1,1,0,2,6,0,0,0
127.0.0.1-45674-127.0.0.1-8000-tcp,127.0.0.1,45674,127.0.0.1,8000,tcp,6,501,83.5,39.07812687425025,66,163,0.0006689376666666667,0.0016080534935585529,1.875e-06,0.003951292,0.450759375,0.451403542,0.0006441669999999733,1,1,0,1,5,0,0,0
127.0.0.1-8000-127.0.0.1-45674-tcp,127.0.0.1,8000,127.0.0.1,45674,tcp,6,2205,367.5,661.0614948701823,66,1711,9.803466666666667e-05,0.00022290651226616653,2.375e-06,0.000553,0.450765708,0.451409917,0.0006442090000000067,1,1,0,2,6,0,0,0
127.0.0.1-45688-127.0.0.1-8000-tcp,127.0.0.1,45688,127.0.0.1,8000,tcp,6,501,83.5,39.07812687425025,66,163,0.0006067221666666667,0.0014606684106137733,1.667e-06,0.00358825,0.454998167,0.455532167,0.0005339999999999789,1,1,0,1,5,0,0,0
127.0.0.1-8000-127.0.0.1-45688-tcp,127.0.0.1,8000,127.0.0.1,45688,tcp,6,2205,367.5,661.0614948701823,66,1711,8.121533333333333e-05,0.00018392061107300254,1.708e-06,0.000456584,0.455002417,0.455537542,0.0005351250000000252,1,1,0,2,6,0,0,0
127.0.0.1-45692-127.0.0.1-8000-tcp,127.0.0.1,45692,127.0.0.1,8000,tcp,6,501,83.5,39.07812687425025,66,163,0.0005494513333333333,0.0013192010553318497,1.625e-06,0.003242208,0.45877975,0.459268208,0.0004884580000000249,1,1,0,1,5,0,0,0
127.0.0.1-8000-127.0.0.1-45692-tcp,127.0.0.1,8000,127.0.0.1,45692,tcp,6,2205,367.5,661.0614948701823,66,1711,7.327083333333332e-05,0.00016519239185436679,1.666e-06,0.000410417,0.458783667,0.459273875,0.000490207999999992,1,1,0,2,6,0,0,0
127.0.0.1-45706-127.0.0.1-8000-tcp,127.0.0.1,45706,127.0.0.1,8000,tcp,6,501,83.5,39.07812687425025,66,163,0.0005521596666666666,0.0013156733779216888,1.875e-06,0.003237625,0.4625115,0.463157167,0.0006456669999999609,1,1,0,1,5,0,0,0
127.0.0.1-8000-127.0.0.1-45706-tcp,127.0.0.1,8000,127.0.0.1,45706,tcp,6,2205,367.5,661.0614948701823,66,1711,9.59515e-05,0.00022070506829046768,1.708e-06,0.000546417,0.462514875,0.463162542,0.0006476670000000184,1,1,0,2,6,0,0,0
127.0.0.1-45718-127.0.0.1-8000-tcp,127.0.0.1,45718,127.0.0.1,8000,tcp,6,501,83.5,39.07812687425025,66,163,0.0007410348333333334,0.0017875610690383048,1.792e-06,0.004389833,0.467552375,0.468155292,0.0006029169999999806,1,1,0,1,5,0,0,0
127.0.0.1-8000-127.0.0.1-45718-tcp,127.0.0.1,8000,127.0.0.1,45718,tcp,6,2205,367.5,661.0614948701823,66,1711,9.215266666666668e-05,0.00020748779060047526,2.041e-06,0.000515625,0.467558875,0.468161667,0.0006027920000000186,1,1,0,2,6,0,0,0
127.0.0.1-45734-127.0.0.1-8000-tcp,127.0.0.1,45734,127.0.0.1,8000,tcp,6,501,83.5,39.07812687425025,66,163,0.0006182428333333334,0.0014891333403833813,1.5e-06,0.003657875,0.471819542,0.472342125,0.0005225830000000209,1,1,0,1,5,0,0,0
127.0.0.1-8000-127.0.0.1-45734-tcp,127.0.0.1,8000,127.0.0.1,45734,tcp,6,2205,367.5,661.0614948701823,66,1711,7.947233333333333e-05,0.00017912228390869368,1.625e-06,0.000445042,0.471823792,0.472347958,0.0005241659999999926,1,1,0,2,6,0,0,0
127.0.0.1-45746-127.0.0.1-8000-tcp,127.0.0.1,45746,127.0.0.1,8000,tcp,6,501,83.5,39.07812687425025,66,163,0.0005878821666666667,0.0014008784016990793,1.458e-06,0.003447209,0.475795167,0.476276667,0.00048149999999996806,1,1,0,1,5,0,0,0
127.0.0.1-8000-127.0.0.1-45746-tcp,127.0.0.1,8000,127.0.0.1,45746,tcp,6,2205,367.5,661.0614948701823,66,1711,6.777066666666666e-05,0.00015263727166543126,1.708e-06,0.000379292,0.47579875,0.476281875,0.00048312500000002867,1,1,0,2,6,0,0,0
127.0.0.1-45752-127.0.0.1-8000-tcp,127.0.0.1,45752,127.0.0.1,8000,tcp,6,501,83.5,39.07812687425025,66,163,0.0005677846666666666,0.0013655151861069383,1.292e-06,0.003355083,0.479636958,0.480184792,0.0005478340000000248,1,1,0,1,5,0,0,0
127.0.0.1-8000-127.0.0.1-45752-tcp,127.0.0.1,8000,127.0.0.1,45752,tcp,6,2205,367.5,661.0614948701823,66,1711,8.360416666666667e-05,0.00019163868201218322,1.709e-06,0.00047475,0.479640542,0.480190208,0.0005496660000000042,1,1,0,2,6,0,0,0
127.0.0.1-45758-127.0.0.1-8000-tcp,127.0.0.1,45758,127.0.0.1,8000,tcp,6,501,83.5,39.07812687425025,66,163,0.0006820698333333333,0.0016427817662457074,1.667e-06,0.004035334,0.484225542,0.484814125,0.0005885829999999759,1,1,0,1,5,0,0,0
127.0.0.1-8000-127.0.0.1-45758-tcp,127.0.0.1,8000,127.0.0.1,45758,tcp,6,2205,367.5,661.0614948701823,66,1711,8.962466666666666e-05,0.00020168345452184882,1.916e-06,0.00050125,0.484232208,0.484820375,0.0005881670000000283,1,1,0,2,6,0,0,0
127.0.0.1-45772-127.0.0.1-8000-tcp,127.0.0.1,45772,127.0.0.1,8000,tcp,6,501,83.5,39.07812687425025,66,163,0.0006618056666666665,0.001594164241292304,1.584e-06,0.003915833,0.488736208,0.489263125,0.0005269170000000156,1,1,0,1,5,0,0,0
127.0.0.1-8000-127.0.0.1-45772-tcp,127.0.0.1,8000,127.0.0.1,45772,tcp,6,2205,367.5,661.0614948701823,66,1711,7.948599999999999e-05,0.000181572617378282,1.625e-06,0.000450083,0.488740125,0.489268125,0.0005279999999999729,1,1,0,2,6,0,0,0
127.0.0.1-45778-127.0.0.1-8000-tcp,127.0.0.1,45778,127.0.0.1,8000,tcp,6,501,83.5,39.07812687425025,66,163,0.0005749026666666666,0.0013785116521969143,1.542e-06,0.003388708,0.492656833,0.493226833,0.0005699999999999594,1,1,0,1,5,0,0,0
127.0.0.1-8000-127.0.0.1-45778-tcp,127.0.0.1,8000,127.0.0.1,45778,tcp,6,2205,367.5,661.0614948701823,66,1711,8.578483333333333e-05,0.00019533769846439436,1.5e-06,0.000484458,0.492660542,0.49323225,0.0005717080000000041,1,1,0,2,6,0,0,0
127.0.0.1-45780-127.0.0.1-8000-tcp,127.0.0.1,45780,127.0.0.1,8000,tcp,6,501,83.5,39.07812687425025,66,163,0.0006475691666666667,0.0015550562190367802,2.166e-06,0.00382175,0.497054,0.497707708,0.0006537080000000306,1,1,0,1,5,0,0,0
127.0.0.1-8000-127.0.0.1-45780-tcp,127.0.0.1,8000,127.0.0.1,45780,tcp,6,2205,367.5,661.0614948701823,66,1711,9.94725e-05,0.0002238500753814928,2.083e-06,0.000556334,0.497061875,0.4977145,0.0006526250000000178,1,1,0,2,6,0,0,0
127.0.0.1-45796-127.0.0.1-8000-tcp,127.0.0.1,45796,127.0.0.1,8000,tcp,6,501,83.5,39.07812687425025,66,163,0.0006929583333333333,0.0016551223888734835,1.958e-06,0.004071333,0.501785833,0.502485875,0.0007000419999999563,1,1,0,1,5,0,0,0
127.0.0.1-8000-127.0.0.1-45796-tcp,127.0.0.1,8000,127.0.0.1,45796,tcp,6,2205,367.5,661.0614948701823,66,1711,0.0001033125,0.00023591384973905197,2.292e-06,0.000584833,0.50179275,0.502492125,0.0006993749999999466,1,1,0,2,6,0,0,0
127.0.0.1-45810-127.0.0.1-8000-tcp,127.0.0.1,45810,127.0.0.1,8000,tcp,6,501,83.5,39.07812687425025,66,163,0.000632368,0.001476046038767355,2.417e-06,0.003644333,0.506136458,0.50679325,0.0006567920000000171,1,1,0,1,5,0,0,0
127.0.0.1-8000-127.0.0.1-45810-tcp,127.0.0.1,8000,127.0.0.1,45810,tcp,6,2205,367.5,661.0614948701823,66,1711,8.540283333333334e-05,0.00017433803068454874,1.834e-06,0.000439541,0.506141292,0.50679875,0.0006574579999999441,1,1,0,2,6,0,0,0
127.0.0.1-45824-127.0.0.1-8000-tcp,127.0.0.1,45824,127.0.0.1,8000,tcp,6,501,83.5,39.07812687425025,66,163,0.0005651668333333333,0.0013078266823989204,1.75e-06,0.003234042,0.510032792,0.510762917,0.0007301250000000259,1,1,0,1,5,0,0,0
127.0.0.1-8000-127.0.0.1-45824-tcp,127.0.0.1,8000,127.0.0.1,45824,tcp,6,2205,367.5,661.0614948701823,66,1711,9.638866666666667e-05,0.00021049778383219783,1.583e-06,0.0005255,0.510036125,0.510768083,0.0007319580000000325,1,1,0,2,6,0,0,0
127.0.0.1-45834-127.0.0.1-8000-tcp,127.0.0.1,45834,127.0.0.1,8000,tcp,6,501,83.5,39.07812687425025,66,163,0.0005684860000000001,0.0013629355077159008,1.583e-06,0.0033505,0.514118583,0.514816875,0.0006982919999999337,1,1,0,1,5,0,0,0
127.0.0.1-8000-127.0.0.1-45834-tcp,127.0.0.1,8000,127.0.0.1,45834,tcp,6,2205,367.5,661.0614948701823,66,1711,0.000107264,0.0002451625514461782,1.709e-06,0.000607625,0.514122833,0.514822583,0.000699749999999999,1,1,0,2,6,0,0,0
127.0.0.1-45836-127.0.0.1-8000-tcp,127.0.0.1,45836,127.0.0.1,8000,tcp,6,501,83.5,39.07812687425025,66,163,0.0006850208333333334,0.0016243876328392078,1.666e-06,0.0040005,0.518823083,0.5194845,0.0006614169999999975,1,1,0,1,5,0,0,0
127.0.0.1-8000-127.0.0.1-45836-tcp,127.0.0.1,8000,127.0.0.1,45836,tcp,6,2205,367.5,661.0614948701823,66,1711,9.30625e-05,0.00021021424510032617,2.625e-06,0.000522125,0.518830458,0.519491083,0.0006606249999999703,1,1,0,2,6,0,0,0
127.0.0.1-45852-127.0.0.1-8000-tcp,127.0.0.1,45852,127.0.0.1,8000,tcp,6,501,83.5,39.07812687425025,66,163,0.0005845763333333333,0.0013928509991499689,1.667e-06,0.003427542,0.522918625,0.523464208,0.0005455830000000716,1,1,0,1,5,0,0,0
127.0.0.1-8000-127.0.0.1-45852-tcp,127.0.0.1,8000,127.0.0.1,45852,tcp,6,2205,367.5,661.0614948701823,66,1711,7.842366666666666e-05,0.00017789490174332335,1.792e-06,0.0004415,0.52292275,0.523469083,0.0005463329999999544,1,1,0,2,6,0,0,0
127.0.0.1-45862-127.0.0.1-8000-tcp,127.0.0.1,45862,127.0.0.1,8000,tcp,6,501,83.5,39.07812687425025,66,163,0.0005552431666666667,0.0013094147250530548,1.583e-06,0.003227625,0.526696708,0.527387292,0.0006905839999999941,1,1,0,1,5,0,0,0
127.0.0.1-8000-127.0.0.1-45862-tcp,127.0.0.1,8000,127.0.0.1,45862,tcp,6,2205,367.5,661.0614948701823,66,1711,9.897916666666666e-05,0.0002238571729022027,1.75e-06,0.000555833,0.5267005,0.527394417,0.0006939169999999883,1,1,0,2,6,0,0,0
127.0.0.1-45864-127.0.0.1-8000-tcp,127.0.0.1,45864,127.0.0.1,8000,tcp,6,501,83.5,39.07812687425025,66,163,0.0006334585,0.0015194748241635003,1.875e-06,0.003735,0.531129417,0.531814,0.0006845829999999609,1,1,0,1,5,0,0,0
127.0.0.1-8000-127.0.0.1-45864-tcp,127.0.0.1,8000,127.0.0.1,45864,tcp,6,2205,367.5,661.0614948701823,66,1711,0.00010427066666666666,0.00023677827479029123,2.5e-06,0.000587541,0.531135833,0.531820792,0.000684958999999985,1,1,0,2,6,0,0,0
127.0.0.1-45878-127.0.0.1-8000-tcp,127.0.0.1,45878,127.0.0.1,8000,tcp,6,501,83.5,39.07812687425025,66,163,0.0006875485000000001,0.0016534965042976962,1.833e-06,0.004062666,0.535883458,0.536525917,0.0006424589999999286,1,1,0,1,5,0,0,0
127.0.0.1-8000-127.0.0.1-45878-tcp,127.0.0.1,8000,127.0.0.1,45878,tcp,6,2205,367.5,661.0614948701823,66,1711,9.782650000000002e-05,0.00022135638575270425,2.375e-06,0.000549625,0.535890333,0.536533042,0.0006427089999999636,1,1,0,2,6,0,0,0
127.0.0.1-45884-127.0.0.1-8000-tcp,127.0.0.1,45884,127.0.0.1,8000,tcp,6,501,83.5,39.07812687425025,66,163,0.00061259,0.001459176005938009,1.416e-06,0.003590916,0.540123958,0.540602625,0.0004786669999999882,1,1,0,1,5,0,0,0
127.0.0.1-8000-127.0.0.1-45884-tcp,127.0.0.1,8000,127.0.0.1,45884,tcp,6,2205,367.5,661.0614948701823,66,1711,6.648633333333333e-05,0.00015022213819496335,1.625e-06,0.000373083,0.540127417,0.5406075,0.00048008300000002,1,1,0,2,6,0,0,0
127.0.0.1-45898-127.0.0.1-8000-tcp,127.0.0.1,45898,127.0.0.1,8000,tcp,6,501,83.5,39.07812687425025,66,163,0.0005903331666666666,0.001414284677969385,1.5e-06,0.003477167,0.544084667,0.544545958,0.0004612910000000303,1,1,0,1,5,0,0,0
127.0.0.1-8000-127.0.0.1-45898-tcp,127.0.0.1,8000,127.0.0.1,45898,tcp,6,2205,367.5,661.0614948701823,66,1711,6.699316666666667e-05,0.0001504238580816443,1.834e-06,0.000374,0.544088542,0.544551458,0.0004629160000000354,1,1,0,2,6,0,0,0
127.0.0.1-45900-127.0.0.1-8000-tcp,127.0.0.1,45900,127.0.0.1,8000,tcp,6,501,83.5,39.07812687425025,66,163,0.0006325278333333334,0.001515568157169504,1.833e-06,0.003726084,0.548277542,0.548862917,0.0005853749999999991,1,1,0,1,5,0,0,0
127.0.0.1-8000-127.0.0.1-45900-tcp,127.0.0.1,8000,127.0.0.1,45900,tcp,6,2205,367.5,661.0614948701823,66,1711,8.721533333333333e-05,0.0001960726640097152,1.959e-06,0.000487375,0.548282292,0.548869917,0.0005876249999999805,1,1,0,2,6,0,0,0
127.0.0.1-45910-127.0.0.1-8000-tcp,127.0.0.1,45910,127.0.0.1,8000,tcp,6,501,83.5,39.07812687425025,66,163,0.0006568403333333333,0.0015771540166299126,1.625e-06,0.003876125,0.552746042,0.553352083,0.0006060410000000571,1,1,0,1,5,0,0,0
127.0.0.1-8000-127.0.0.1-45910-tcp,127.0.0.1,8000,127.0.0.1,45910,tcp,6,2205,367.5,661.0614948701823,66,1711,9.118733333333333e-05,0.00020693097596219534,2.25e-06,0.000513541,0.552751833,0.553358083,0.0006062500000000304,1,1,0,2,6,0,0,0
127.0.0.1-45920-127.0.0.1-8000-tcp,127.0.0.1,45920,127.0.0.1,8000,tcp,6,501,83.5,39.07812687425025,66,163,0.0006174235,0.0014517066609252365,1.417e-06,0.003580042,0.556938125,0.557531375,0.0005932500000001006,1,1,0,1,5,0,0,0
127.0.0.1-8000-127.0.0.1-45920-tcp,127.0.0.1,8000,127.0.0.1,45920,tcp,6,2205,367.5,661.0614948701823,66,1711,7.902799999999999e-05,0.0001797998969020839,1.709e-06,0.000446,0.556941875,0.557536792,0.0005949169999999171,1,1,0,2,6,0,0,0
127.0.0.1-45926-127.0.0.1-8000-tcp,127.0.0.1,45926,127.0.0.1,8000,tcp,6,501,83.5,39.07812687425025,66,163,0.0006277291666666666,0.001498428021121524,1.75e-06,0.00368625,0.561223042,0.561894917,0.0006718750000000995,1,1,0,1,5,0,0,0
127.0.0.1-8000-127.0.0.1-45926-tcp,127.0.0.1,8000,127.0.0.1,45926,tcp,6,2205,367.5,661.0614948701823,66,1711,9.970833333333334e-05,0.0002262731063221316,2.375e-06,0.000561542,0.561229625,0.561901417,0.0006717920000000044,1,1,0,2,6,0,0,0
127.0.0.1-45938-127.0.0.1-8000-tcp,127.0.0.1,45938,127.0.0.1,8000,tcp,6,501,83.5,39.07812687425025,66,163,0.0007194651666666665,0.0016452152489237894,2.083e-06,0.004074041,0.565975458,0.5669925,0.001017041999999968,1,1,0,1,5,0,0,0
127.0.0.1-8000-127.0.0.1-45938-tcp,127.0.0.1,8000,127.0.0.1,45938,tcp,6,2205,367.5,661.0614948701823,66,1711,0.00013027783333333334,0.0002976196495686511,3.083e-06,0.00073775,0.565984458,0.566999875,0.001015417000000074,1,1,0,2,6,0,0,0
127.0.0.1-45954-127.0.0.1-8000-tcp,127.0.0.1,45954,127.0.0.1,8000,tcp,6,501,83.5,39.07812687425025,66,163,0.0006217985,0.001457413324448593,1.666e-06,0.003595625,0.5705955,0.571142583,0.0005470829999999482,1,1,0,1,5,0,0,0
127.0.0.1-8000-127.0.0.1-45954-tcp,127.0.0.1,8000,127.0.0.1,45954,tcp,6,2205,367.5,661.0614948701823,66,1711,6.9507e-05,0.0001554678383666538,1.875e-06,0.000386791,0.570599625,0.571147708,0.000548082999999977,1,1,0,2,6,0,0,0
127.0.0.1-45956-127.0.0.1-8000-tcp,127.0.0.1,45956,127.0.0.1,8000,tcp,6,501,83.5,39.07812687425025,66,163,0.0005496041666666667,0.0013166887319074948,2.167e-06,0.003237209,0.574384917,0.574890833,0.0005059159999999396,1,1,0,1,5,0,0,0
127.0.0.1-8000-127.0.0.1-45956-tcp,127.0.0.1,8000,127.0.0.1,45956,tcp,6,2205,367.5,661.0614948701823,66,1711,7.518749999999999e-05,0.0001700270959579678,1.666e-06,0.000422209,0.574389042,0.574896458,0.0005074160000000383,1,1,0,2,6,0,0,0
127.0.0.1-45958-127.0.0.1-8000-tcp,127.0.0.1,45958,127.0.0.1,8000,tcp,6,501,83.5,39.07812687425025,66,163,0.0005426178333333333,0.0013007410002709096,1.583e-06,0.003197667,0.578094125,0.578748208,0.0006540830000000275,1,1,0,1,5,0,0,0
127.0.0.1-8000-127.0.0.1-45958-tcp,127.0.0.1,8000,127.0.0.1,45958,tcp,6,2205,367.5,661.0614948701823,66,1711,0.00010022250000000001,0.00022996840400955085,1.625e-06,0.000569584,0.57809775,0.5787535,0.000655750000000066,1,1,0,2,6,0,0,0
127.0.0.1-45960-127.0.0.1-8000-tcp,127.0.0.1,45960,127.0.0.1,8000,tcp,6,501,83.5,39.07812687425025,66,163,0.0006187985,0.0014492158991396347,1.875e-06,0.003576167,0.582329667,0.583196625,0.0008669580000000288,1,1,0,1,5,0,0,0
127.0.0.1-8000-127.0.0.1-45960-tcp,127.0.0.1,8000,127.0.0.1,45960,tcp,6,2205,367.5,661.0614948701823,66,1711,0.00012290283333333334,0.00028168198687840635,2.125e-06,0.000697834,0.582336583,0.583203708,0.0008671249999999686,1,1,0,2,6,0,0,0
127.0.0.1-45966-127.0.0.1-8000-tcp,127.0.0.1,45966,127.0.0.1,8000,tcp,6,501,83.5,39.07812687425025,66,163,0.0006375418333333334,0.0015079433797836597,1.625e-06,0.003715292,0.586919,0.587531458,0.0006124579999999824,1,1,0,1,5,0,0,0
127.0.0.1-8000-127.0.0.1-45966-tcp,127.0.0.1,8000,127.0.0.1,45966,tcp,6,2205,367.5,661.0614948701823,66,1711,8.457633333333333e-05,0.0001922340865972179,1.792e-06,0.000476916,0.586923208,0.587536417,0.000613209000000059,1,1,0,2,6,0,0,0
127.0.0.1-45978-127.0.0.1-8000-tcp,127.0.0.1,45978,127.0.0.1,8000,tcp,6,501,83.5,39.07812687425025,66,163,0.0006061805000000001,0.0014546052381501655,1.834e-06,0.003575291,0.591111708,0.591773583,0.000661875000000034,1,1,0,1,5,0,0,0
127.0.0.1-8000-127.0.0.1-45978-tcp,127.0.0.1,8000,127.0.0.1,45978,tcp,6,2205,367.5,661.0614948701823,66,1711,0.00010102083333333333,0.0002291228054484465,2e-06,0.000568667,0.59112,0.591779625,0.0006596250000000525,1,1,0,2,6,0,0,0
127.0.0.1-45984-127.0.0.1-8000-tcp,127.0.0.1,45984,127.0.0.1,8000,tcp,6,501,83.5,39.07812687425025,66,163,0.0006081600000000001,0.0014586552121768873,1.834e-06,0.003585542,0.595365167,0.595864542,0.0004993750000000796,1,1,0,1,5,0,0,0
127.0.0.1-8000-127.0.0.1-45984-tcp,127.0.0.1,8000,127.0.0.1,45984,tcp,6,2205,367.5,661.0614948701823,66,1711,7.3472e-05,0.0001656037408442213,1.917e-06,0.000411458,0.5953695,0.595869417,0.0004999169999999609,1,1,0,2,6,0,0,0
127.0.0.1-45988-127.0.0.1-8000-tcp,127.0.0.1,45988,127.0.0.1,8000,tcp,6,501,83.5,39.07812687425025,66,163,0.0006351803333333333,0.0015233230623773364,2e-06,0.003744541,0.599613958,0.600348708,0.0007347500000000062,1,1,0,1,5,0,0,0
127.0.0.1-8000-127.0.0.1-45988-tcp,127.0.0.1,8000,127.0.0.1,45988,tcp,6,2205,367.5,661.0614948701823,66,1711,0.00011672233333333335,0.00021450672566114722,2.208e-06,0.000549042,0.599709292,0.600380833,0.0006715409999999977,1,1,0,2,6,0,0,0
127.0.0.1-45998-127.0.0.1-8000-tcp,127.0.0.1,45998,127.0.0.1,8000,tcp,6,501,83.5,39.07812687425025,66,163,0.0006445763333333333,0.0015486171145482884,1.583e-06,0.003805625,0.604186458,0.604660792,0.00047433399999996517,1,1,0,1,5,0,0,0
127.0.0.1-8000-127.0.0.1-45998-tcp,127.0.0.1,8000,127.0.0.1,45998,tcp,6,2205,367.5,661.0614948701823,66,1711,6.960433333333334e-05,0.0001570021273966269,1.833e-06,0.000390042,0.6041905,0.604665917,0.000475417000000089,1,1,0,2,6,0,0,0
127.0.0.1-46000-127.0.0.1-8000-tcp,127.0.0.1,46000,127.0.0.1,8000,tcp,6,501,83.5,39.07812687425025,66,163,0.0005959165,0.001433611304553888,1.666e-06,0.003522208,0.608188125,0.608663042,0.00047491700000001913,1,1,0,1,5,0,0,0
127.0.0.1-8000-127.0.0.1-46000-tcp,127.0.0.1,8000,127.0.0.1,46000,tcp,6,2205,367.5,661.0614948701823,66,1711,7.118066666666666e-05,0.00015952897023007034,1.667e-06,0.00039675,0.608192042,0.6086685,0.0004764579999999574,1,1,0,2,6,0,0,0
127.0.0.1-46010-127.0.0.1-8000-tcp,127.0.0.1,46010,127.0.0.1,8000,tcp,6,501,83.5,39.07812687425025,66,163,0.0005990485000000001,0.0014411948155830633,1.542e-06,0.003540833,0.612209333,0.612692083,0.00048274999999997625,1,1,0,1,5,0,0,0
127.0.0.1-8000-127.0.0.1-46010-tcp,127.0.0.1,8000,127.0.0.1,46010,tcp,6,2205,367.5,661.0614948701823,66,1711,7.2389e-05,0.00016344267705100768,1.584e-06,0.000405958,0.612212958,0.612697125,0.0004841669999999798,1,1,0,2,6,0,0,0
127.0.0.1-46018-127.0.0.1-8000-tcp,127.0.0.1,46018,127.0.0.1,8000,tcp,6,501,83.5,39.07812687425025,66,163,0.0006688330000000001,0.0016032297842515277,1.916e-06,0.003941333,0.616638458,0.61732275,0.0006842920000000863,1,1,0,1,5,0,0,0
127.0.0.1-8000-127.0.0.1-46018-tcp,127.0.0.1,8000,127.0.0.1,46018,tcp,6,2205,367.5,661.0614948701823,66,1711,0.00010325733333333332,0.00023419279444907492,2.209e-06,0.00058125,0.616645792,0.617329667,0.0006838750000000005,1,1,0,2,6,0,0,0
127.0.0.1-46034-127.0.0.1-8000-tcp,127.0.0.1,46034,127.0.0.1,8000,tcp,6,501,83.5,39.07812687425025,66,163,0.0006285833333333333,0.0015122216647683192,1.417e-06,0.003715333,0.621045,0.621559417,0.0005144169999999892,1,1,0,1,5,0,0,0
127.0.0.1-8000-127.0.0.1-46034-tcp,127.0.0.1,8000,127.0.0.1,46034,tcp,6,2205,367.5,661.0614948701823,66,1711,7.721516666666667e-05,0.00017609216164090518,1.667e-06,0.000436625,0.621048917,0.621564458,0.0005155410000000638,1,1,0,2,6,0,0,0
127.0.0.1-46046-127.0.0.1-8000-tcp,127.0.0.1,46046,127.0.0.1,8000,tcp,6,501,83.5,39.07812687425025,66,163,0.0006622778333333334,0.001585083047673076,1.792e-06,0.003897709,0.625462167,0.62614125,0.0006790829999999692,1,1,0,1,5,0,0,0
127.0.0.1-8000-127.0.0.1-46046-tcp,127.0.0.1,8000,127.0.0.1,46046,tcp,6,2205,367.5,661.0614948701823,66,1711,0.00010159033333333334,0.00023098684922797372,2.375e-06,0.000573042,0.625468167,0.626147667,0.0006795000000000551,1,1,0,2,6,0,0,0
127.0.0.1-46052-127.0.0.1-8000-tcp,127.0.0.1,46052,127.0.0.1,8000,tcp,6,501,83.5,39.07812687425025,66,163,0.0005833956666666666,0.001388121743276528,1.542e-06,0.003416708,0.629564375,0.630126083,0.0005617079999999941,1,1,0,1,5,0,0,0
127.0.0.1-8000-127.0.0.1-46052-tcp,127.0.0.1,8000,127.0.0.1,46052,tcp,6,2205,367.5,661.0614948701823,66,1711,8.065283333333333e-05,0.00018303059145773057,1.708e-06,0.000454209,0.629567875,0.630131958,0.000564082999999993,1,1,0,2,6,0,0,0
127.0.0.1-46066-127.0.0.1-8000-tcp,127.0.0.1,46066,127.0.0.1,8000,tcp,6,501,83.5,39.07812687425025,66,163,0.0006934863333333333,0.0016619215254465739,1.917e-06,0.00408575,0.634217708,0.634972708,0.0007550000000000612,1,1,0,1,5,0,0,0
127.0.0.1-8000-127.0.0.1-46066-tcp,127.0.0.1,8000,127.0.0.1,46066,tcp,6,2205,367.5,661.0614948701823,66,1711,0.00011439566666666667,0.00026047641787360843,2.541e-06,0.000646042,0.634225708,0.63497925,0.0007535419999999959,1,1,0,2,6,0,0,0
127.0.0.1-46082-127.0.0.1-8000-tcp,127.0.0.1,46082,127.0.0.1,8000,tcp,6,501,83.5,39.07812687425025,66,163,0.0005992363333333333,0.0014332736051211811,1.542e-06,0.003524792,0.638504042,0.639064875,0.0005608329999999828,1,1,0,1,5,0,0,0
127.0.0.1-8000-127.0.0.1-46082-tcp,127.0.0.1,8000,127.0.0.1,46082,tcp,6,2205,367.5,661.0614948701823,66,1711,8.256916666666668e-05,0.000188170666958925,1.75e-06,0.000466625,0.638507875,0.639070083,0.000562208000000064,1,1,0,2,6,0,0,0
127.0.0.1-46090-127.0.0.1-8000-tcp,127.0.0.1,46090,127.0.0.1,8000,tcp,6,501,83.5,39.07812687425025,66,163,0.0005500348333333332,0.0013206235239765216,1.625e-06,0.003245667,0.64231575,0.642957167,0.0006414170000000885,1,1,0,1,5,0,0,0
127.0.0.1-8000-127.0.0.1-46090-tcp,127.0.0.1,8000,127.0.0.1,46090,tcp,6,2205,367.5,661.0614948701823,66,1711,9.862499999999998e-05,0.00022613730666743158,1.667e-06,0.000560166,0.642319625,0.642962042,0.0006424170000000062,1,1,0,2,6,0,0,0
127.0.0.1-46106-127.0.0.1-8000-tcp,127.0.0.1,46106,127.0.0.1,8000,tcp,6,501,83.5,39.07812687425025,66,163,0.000554757,0.0013033789740515226,1.667e-06,0.003215,0.646177042,0.646785083,0.0006080410000000036,1,1,0,1,5,0,0,0
127.0.0.1-8000-127.0.0.1-46106-tcp,127.0.0.1,8000,127.0.0.1,46106,tcp,6,2205,367.5,661.0614948701823,66,1711,8.31805e-05,0.00018720617564145687,1.75e-06,0.000465208,0.6461805,0.646789667,0.0006091669999999105,1,1,0,2,6,0,0,0
127.0.0.1-46120-127.0.0.1-8000-tcp,127.0.0.1,46120,127.0.0.1,8000,tcp,6,501,83.5,39.07812687425025,66,163,0.0006771875,0.0016253155956643928,2.125e-06,0.003994791,0.650784458,0.651413167,0.0006287090000000051,1,1,0,1,5,0,0,0
127.0.0.1-8000-127.0.0.1-46120-tcp,127.0.0.1,8000,127.0.0.1,46120,tcp,6,2205,367.5,661.0614948701823,66,1711,9.4486e-05,0.00021320064327482694,2.208e-06,0.000529625,0.650790917,0.651419708,0.0006287910000000174,1,1,0,2,6,0,0,0
127.0.0.1-46124-127.0.0.1-8000-tcp,127.0.0.1,46124,127.0.0.1,8000,tcp,6,501,83.5,39.07812687425025,66,163,0.0006672361666666666,0.0016029132997342577,1.833e-06,0.003939084,0.655358792,0.65602475,0.000665958000000022,1,1,0,1,5,0,0,0
127.0.0.1-8000-127.0.0.1-46124-tcp,127.0.0.1,8000,127.0.0.1,46124,tcp,6,2205,367.5,661.0614948701823,66,1711,0.00010131249999999999,0.00022914129341674756,2.458e-06,0.000569,0.655367875,0.656031,0.0006631249999999866,1,1,0,2,6,0,0,0
127.0.0.1-46138-127.0.0.1-8000-tcp,127.0.0.1,46138,127.0.0.1,8000,tcp,6,501,83.5,39.07812687425025,66,163,0.0005932223333333334,0.0014281492187456697,1.792e-06,0.003508375,0.659539375,0.660089125,0.0005497500000000155,1,1,0,1,5,0,0,0
127.0.0.1-8000-127.0.0.1-46138-tcp,127.0.0.1,8000,127.0.0.1,46138,tcp,6,2205,367.5,661.0614948701823,66,1711,8.394433333333334e-05,0.00019107476728408353,1.583e-06,0.000473917,0.659543208,0.660094,0.0005507919999999666,1,1,0,2,6,0,0,0
127.0.0.1-46142-127.0.0.1-8000-tcp,127.0.0.1,46142,127.0.0.1,8000,tcp,6,501,83.5,39.07812687425025,66,163,0.0005699166666666667,0.0013596436930763392,1.75e-06,0.003345167,0.663439167,0.664031875,0.0005927079999999973,1,1,0,1,5,0,0,0
127.0.0.1-8000-127.0.0.1-46142-tcp,127.0.0.1,8000,127.0.0.1,46142,tcp,6,2205,367.5,661.0614948701823,66,1711,8.727783333333331e-05,0.00019759200174543164,1.708e-06,0.000490542,0.663443917,0.664037167,0.0005932499999999896,1,1,0,2,6,0,0,0
127.0.0.1-46154-127.0.0.1-8000-tcp,127.0.0.1,46154,127.0.0.1,8000,tcp,6,501,83.5,39.07812687425025,66,163,0.0007025278333333334,0.0016903033649215064,1.834e-06,0.00415275,0.668189917,0.668887542,0.000697625000000035,1,1,0,1,5,0,0,0
127.0.0.1-8000-127.0.0.1-46154-tcp,127.0.0.1,8000,127.0.0.1,46154,tcp,6,2205,367.5,661.0614948701823,66,1711,0.00010684716666666666,0.00024365711102647232,2.583e-06,0.000604167,0.668196917,0.668893417,0.0006965000000000998,1,1,0,2,6,0,0,0
127.0.0.1-46156-127.0.0.1-8000-tcp,127.0.0.1,46156,127.0.0.1,8000,tcp,6,501,83.5,39.07812687425025,66,163,0.0006275761666666667,0.0014990133202885713,1.583e-06,0.003687291,0.672580708,0.6731495,0.0005687919999999291,1,1,0,1,5,0,0,0
127.0.0.1-8000-127.0.0.1-46156-tcp,127.0.0.1,8000,127.0.0.1,46156,tcp,6,2205,367.5,661.0614948701823,66,1711,8.265300000000001e-05,0.00018770868087544595,1.584e-06,0.00046575,0.672584583,0.673154792,0.0005702089999999327,1,1,0,2,6,0,0,0
127.0.0.1-46170-127.0.0.1-8000-tcp,127.0.0.1,46170,127.0.0.1,8000,tcp,6,501,83.5,39.07812687425025,66,163,0.0005943401666666666,0.0014303771972755182,2.167e-06,0.003514041,0.676668833,0.67718375,0.0005149169999999481,1,1,0,1,5,0,0,0
127.0.0.1-8000-127.0.0.1-46170-tcp,127.0.0.1,8000,127.0.0.1,46170,tcp,6,2205,367.5,661.0614948701823,66,1711,7.835416666666666e-05,0.00017377919532143848,1.75e-06,0.000432959,0.676672375,0.677190958,0.0005185829999999614,1,1,0,2,6,0,0,0
127.0.0.1-46180-127.0.0.1-8000-tcp,127.0.0.1,46180,127.0.0.1,8000,tcp,6,501,83.5,39.07812687425025,66,163,0.0006694445000000001,0.001609092332710308,1.625e-06,0.003953917,0.681144875,0.681779792,0.0006349170000000681,1,1,0,1,5,0,0,0
127.0.0.1-8000-127.0.0.1-46180-tcp,127.0.0.1,8000,127.0.0.1,46180,tcp,6,2205,367.5,661.0614948701823,66,1711,9.64305e-05,0.00021875569607463936,2.041e-06,0.000542917,0.681151375,0.681786208,0.0006348330000000013,1,1,0,2,6,0,0,0
127.0.0.1-46186-127.0.0.1-8000-tcp,127.0.0.1,46186,127.0.0.1,8000,tcp,6,501,83.5,39.07812687425025,66,163,0.0007228544999999999,0.0017142590449290619,2.042e-06,0.004221709,0.686007917,0.686772292,0.0007643750000000393,1,1,0,1,5,0,0,0
127.0.0.1-8000-127.0.0.1-46186-tcp,127.0.0.1,8000,127.0.0.1,46186,tcp,6,2205,367.5,661.0614948701823,66,1711,0.00010926366666666666,0.00024730420852437317,2.417e-06,0.000614,0.686014333,0.686778917,0.0007645840000000126,1,1,0,2,6,0,0,0
127.0.0.1-46198-127.0.0.1-8000-tcp,127.0.0.1,46198,127.0.0.1,8000,tcp,6,501,83.5,39.07812687425025,66,163,0.0005830625,0.0013999284981776393,1.667e-06,0.003440583,0.6902195,0.69085075,0.0006312499999999721,1,1,0,1,5,0,0,0
127.0.0.1-8000-127.0.0.1-46198-tcp,127.0.0.1,8000,127.0.0.1,46198,tcp,6,2205,367.5,661.0614948701823,66,1711,9.64375e-05,0.00022138730343246877,1.667e-06,0.000548291,0.690223292,0.690855917,0.0006326250000000533,1,1,0,2,6,0,0,0
127.0.0.1-46200-127.0.0.1-8000-tcp,127.0.0.1,46200,127.0.0.1,8000,tcp,6,501,83.5,39.07812687425025,66,163,0.0005764651666666667,0.0013588550325681422,1.5e-06,0.003349792,0.694205709,0.694904625,0.0006989160000000494,1,1,0,1,5,0,0,0
127.0.0.1-8000-127.0.0.1-46200-tcp,127.0.0.1,8000,127.0.0.1,46200,tcp,6,2205,367.5,661.0614948701823,66,1711,9.911816666666667e-05,0.00022886597088725676,1.625e-06,0.00056625,0.694209667,0.694909417,0.000699749999999999,1,1,0,2,6,0,0,0
127.0.0.1-46210-127.0.0.1-8000-tcp,127.0.0.1,46210,127.0.0.1,8000,tcp,6,501,83.5,39.07812687425025,66,163,0.0005980488333333333,0.0014307634233618662,1.75e-06,0.0035185,0.698427917,0.699228084,0.0008001670000000738,1,1,0,1,5,0,0,0
127.0.0.1-8000-127.0.0.1-46210-tcp,127.0.0.1,8000,127.0.0.1,46210,tcp,6,2205,367.5,661.0614948701823,66,1711,0.000122972,0.00028143457937929373,1.833e-06,0.000697375,0.6984335,0.699235542,0.0008020420000000028,1,1,0,2,6,0,0,0
127.0.0.1-46218-127.0.0.1-8000-tcp,127.0.0.1,46218,127.0.0.1,8000,tcp,6,501,83.5,39.07812687425025,66,163,0.0006408680000000001,0.0015390531614310143,1.75e-06,0.003782375,0.703017917,0.703647625,0.0006297079999999511,1,1,0,1,5,0,0,0
127.0.0.1-8000-127.0.0.1-46218-tcp,127.0.0.1,8000,127.0.0.1,46218,tcp,6,2205,367.5,661.0614948701823,66,1711,9.543066666666667e-05,0.00021795901167574302,1.584e-06,0.000540291,0.703023334,0.703653334,0.0006299999999999084,1,1,0,2,6,0,0,0
127.0.0.1-46228-127.0.0.1-8000-tcp,127.0.0.1,46228,127.0.0.1,8000,tcp,6,501,83.5,39.07812687425025,66,163,0.0005648609999999999,0.001355058135761267,1.417e-06,0.003330791,0.706984125,0.707518917,0.0005347920000000617,1,1,0,1,5,0,0,0
127.0.0.1-8000-127.0.0.1-46228-tcp,127.0.0.1,8000,127.0.0.1,46228,tcp,6,2205,367.5,661.0614948701823,66,1711,8.024316666666667e-05,0.00018261974031458556,1.541e-06,0.000452959,0.706987667,0.707523959,0.0005362919999999383,1,1,0,2,6,0,0,0
127.0.0.1-46238-127.0.0.1-8000-tcp,127.0.0.1,46238,127.0.0.1,8000,tcp,6,501,83.5,39.07812687425025,66,163,0.0005466041666666667,0.001313433292898184,1.584e-06,0.003227583,0.710751542,0.71124175,0.000490207999999992,1,1,0,1,5,0,0,0
127.0.0.1-8000-127.0.0.1-46238-tcp,127.0.0.1,8000,127.0.0.1,46238,tcp,6,2205,367.5,661.0614948701823,66,1711,7.379166666666667e-05,0.0001670435988006325,1.667e-06,0.000414708,0.710754959,0.711246334,0.0004913750000000716,1,1,0,2,6,0,0,0
127.0.0.1-46252-127.0.0.1-8000-tcp,127.0.0.1,46252,127.0.0.1,8000,tcp,6,501,83.5,39.07812687425025,66,163,0.0006315765000000001,0.0015068199857544698,1.667e-06,0.00370725,0.714953584,0.715549709,0.0005961250000000584,1,1,0,1,5,0,0,0
127.0.0.1-8000-127.0.0.1-46252-tcp,127.0.0.1,8000,127.0.0.1,46252,tcp,6,2205,367.5,661.0614948701823,66,1711,8.693033333333334e-05,0.0001940437931052335,2.125e-06,0.000482958,0.714960084,0.715557375,0.0005972910000000553,1,1,0,2,6,0,0,0
127.0.0.1-46268-127.0.0.1-8000-tcp,127.0.0.1,46268,127.0.0.1,8000,tcp,6,501,83.5,39.07812687425025,66,163,0.000769125,0.001836118581535844,2.667e-06,0.004516875,0.72007425,0.7207065,0.0006322500000000009,1,1,0,1,5,0,0,0
127.0.0.1-8000-127.0.0.1-46268-tcp,127.0.0.1,8000,127.0.0.1,46268,tcp,6,2205,367.5,661.0614948701823,66,1711,9.006949999999999e-05,0.00020274983400017866,2.25e-06,0.000503875,0.720081042,0.720712542,0.0006315000000000071,1,1,0,2,6,0,0,0
127.0.0.1-46274-127.0.0.1-8000-tcp,127.0.0.1,46274,127.0.0.1,8000,tcp,6,501,83.5,39.07812687425025,66,163,0.0005955138333333333,0.0014314626407157705,1.375e-06,0.003517417,0.724229959,0.72466125,0.0004312910000000558,1,1,0,1,5,0,0,0
127.0.0.1-8000-127.0.0.1-46274-tcp,127.0.0.1,8000,127.0.0.1,46274,tcp,6,2205,367.5,661.0614948701823,66,1711,6.347916666666667e-05,0.00014236828705778076,1.625e-06,0.000354042,0.724233792,0.7246665,0.00043270799999994836,1,1,0,2,6,0,0,0
127.0.0.1-46290-127.0.0.1-8000-tcp,127.0.0.1,46290,127.0.0.1,8000,tcp,6,501,83.5,39.07812687425025,66,163,0.0006054236666666666,0.0014534475580245292,1.625e-06,0.003572209,0.728238709,0.728735375,0.000496665999999979,1,1,0,1,5,0,0,0
127.0.0.1-8000-127.0.0.1-46290-tcp,127.0.0.1,8000,127.0.0.1,46290,tcp,6,2205,367.5,661.0614948701823,66,1711,7.354866666666668e-05,0.00016571548673635384,1.709e-06,0.00041175,0.728242375,0.728740334,0.0004979590000000478,1,1,0,2,6,0,0,0
127.0.0.1-46294-127.0.0.1-8000-tcp,127.0.0.1,46294,127.0.0.1,8000,tcp,6,501,83.5,39.07812687425025,66,163,0.000689757,0.0016141972539555384,1.708e-06,0.00398375,0.732724084,0.733466834,0.0007427500000000142,1,1,0,1,5,0,0,0
127.0.0.1-8000-127.0.0.1-46294-tcp,127.0.0.1,8000,127.0.0.1,46294,tcp,6,2205,367.5,661.0614948701823,66,1711,9.894433333333333e-05,0.0002236711655745252,2.541e-06,0.000555459,0.732731959,0.733472542,0.0007405830000000169,1,1,0,2,6,0,0,0
127.0.0.1-46310-127.0.0.1-8000-tcp,127.0.0.1,46310,127.0.0.1,8000,tcp,6,501,83.5,39.07812687425025,66,163,0.0006213053333333333,0.001493092585807279,1.583e-06,0.003669,0.737141542,0.737667625,0.0005260830000000105,1,1,0,1,5,0,0,0
127.0.0.1-8000-127.0.0.1-46310-tcp,127.0.0.1,8000,127.0.0.1,46310,tcp,6,2205,367.5,661.0614948701823,66,1711,7.875716666666667e-05,0.00017856980790986664,1.541e-06,0.000443209,0.737145709,0.737672917,0.0005272080000000567,1,1,0,2,6,0,0,0
127.0.0.1-46318-127.0.0.1-8000-tcp,127.0.0.1,46318,127.0.0.1,8000,tcp,6,501,83.5,39.07812687425025,66,163,0.0005689863333333333,0.0013653000325787247,1.417e-06,0.003355833,0.74102875,0.741600542,0.0005717920000000154,1,1,0,1,5,0,0,0
127.0.0.1-8000-127.0.0.1-46318-tcp,127.0.0.1,8000,127.0.0.1,46318,tcp,6,2205,367.5,661.0614948701823,66,1711,8.649283333333334e-05,0.0001986525941944043,1.625e-06,0.000491958,0.74103275,0.741605792,0.0005730419999999681,1,1,0,2,6,0,0,0
127.0.0.1-46332-127.0.0.1-8000-tcp,127.0.0.1,46332,127.0.0.1,8000,tcp,6,501,83.5,39.07812687425025,66,163,0.0006044513333333334,0.0014171727834728788,1.5e-06,0.003496667,0.745102459,0.745723917,0.0006214579999999081,1,1,0,1,5,0,0,0
127.0.0.1-8000-127.0.0.1-46332-tcp,127.0.0.1,8000,127.0.0.1,46332,tcp,6,2205,367.5,661.0614948701823,66,1711,8.296533333333334e-05,0.00018658413218456348,1.667e-06,0.00046375,0.745106375,0.745730292,0.0006239169999999739,1,1,0,2,6,0,0,0
127.0.0.1-46344-127.0.0.1-8000-tcp,127.0.0.1,46344,127.0.0.1,8000,tcp,6,501,83.5,39.07812687425025,66,163,0.0006853193333333334,0.001618049692992359,1.708e-06,0.003987708,0.749718,0.750579834,0.0008618339999999503,1,1,0,1,5,0,0,0
127.0.0.1-8000-127.0.0.1-46344-tcp,127.0.0.1,8000,127.0.0.1,46344,tcp,6,2205,367.5,661.0614948701823,66,1711,0.0001239585,0.00028489611206947,2.292e-06,0.000705458,0.749725917,0.750585959,0.0008600420000000053,1,1,0,2,6,0,0,0
127.0.0.1-46352-127.0.0.1-8000-tcp,127.0.0.1,46352,127.0.0.1,8000,tcp,6,501,83.5,39.07812687425025,66,163,0.0006344581666666668,0.0015228627942446315,1.375e-06,0.003742916,0.754328875,0.754915667,0.0005867920000000026,1,1,0,1,5,0,0,0
127.0.0.1-8000-127.0.0.1-46352-tcp,127.0.0.1,8000,127.0.0.1,46352,tcp,6,2205,367.5,661.0614948701823,66,1711,8.803483333333333e-05,0.00020131254929230482,1.584e-06,0.000498916,0.754332959,0.754920917,0.0005879579999999995,1,1,0,2,6,0,0,0
127.0.0.1-46360-127.0.0.1-8000-tcp,127.0.0.1,46360,127.0.0.1,8000,tcp,6,501,83.5,39.07812687425025,66,163,0.0005513126666666666,0.0013061702434625688,1.584e-06,0.00321725,0.758138167,0.758765584,0.000627417000000019,1,1,0,1,5,0,0,0
127.0.0.1-8000-127.0.0.1-46360-tcp,127.0.0.1,8000,127.0.0.1,46360,tcp,6,2205,367.5,661.0614948701823,66,1711,9.018733333333334e-05,0.000205217847058843,1.625e-06,0.000509,0.758141542,0.758769917,0.0006283750000000143,1,1,0,2,6,0,0,0
127.0.0.1-46374-127.0.0.1-8000-tcp,127.0.0.1,46374,127.0.0.1,8000,tcp,6,501,83.5,39.07812687425025,66,163,0.000575743,0.0012960038716182912,1.5e-06,0.003216875,0.761986792,0.762803709,0.0008169170000000836,1,1,0,1,5,0,0,0
127.0.0.1-8000-127.0.0.1-46374-tcp,127.0.0.1,8000,127.0.0.1,46374,tcp,6,2205,367.5,661.0614948701823,66,1711,9.739583333333333e-05,0.00022422586197084105,1.625e-06,0.000555042,0.761990084,0.76280875,0.0008186660000000234,1,1,0,2,6,0,0,0
127.0.0.1-46390-127.0.0.1-8000-tcp,127.0.0.1,46390,127.0.0.1,8000,tcp,6,501,83.5,39.07812687425025,66,163,0.0006643125,0.0015958195372332987,1.875e-06,0.003921709,0.766730459,0.767357792,0.0006273329999999522,1,1,0,1,5,0,0,0
127.0.0.1-8000-127.0.0.1-46390-tcp,127.0.0.1,8000,127.0.0.1,46390,tcp,6,2205,367.5,661.0614948701823,66,1711,9.491666666666667e-05,0.00021431754187622315,2.041e-06,0.000532334,0.766737459,0.767364125,0.0006266659999999424,1,1,0,2,6,0,0,0
127.0.0.1-46398-127.0.0.1-8000-tcp,127.0.0.1,46398,127.0.0.1,8000,tcp,6,501,83.5,39.07812687425025,66,163,0.000620757,0.0014944960921679253,1.5e-06,0.003671334,0.771035459,0.771676375,0.0006409159999999359,1,1,0,1,5,0,0,0
127.0.0.1-8000-127.0.0.1-46398-tcp,127.0.0.1,8000,127.0.0.1,46398,tcp,6,2205,367.5,661.0614948701823,66,1711,9.88125e-05,0.00022708284077996736,1.667e-06,0.000562291,0.771039084,0.771681542,0.0006424580000000679,1,1,0,2,6,0,0,0
127.0.0.1-46400-127.0.0.1-8000-tcp,127.0.0.1,46400,127.0.0.1,8000,tcp,6,501,83.5,39.07812687425025,66,163,0.0005577153333333333,0.0013390794454626904,1.625e-06,0.003291042,0.774972584,0.775443834,0.00047125000000003414,1,1,0,1,5,0,0,0
127.0.0.1-8000-127.0.0.1-46400-tcp,127.0.0.1,8000,127.0.0.1,46400,tcp,6,2205,367.5,661.0614948701823,66,1711,7.019433333333333e-05,0.00015825054647446455,1.625e-06,0.000393166,0.774976084,0.775449,0.0004729160000001009,1,1,0,2,6,0,0,0
127.0.0.1-46414-127.0.0.1-8000-tcp,127.0.0.1,46414,127.0.0.1,8000,tcp,6,501,83.5,39.07812687425025,66,163,0.0006203681666666667,0.0013060116995295896,1.583e-06,0.003265417,0.778714417,0.77971675,0.0010023329999999664,1,1,0,1,5,0,0,0
127.0.0.1-8000-127.0.0.1-46414-tcp,127.0.0.1,8000,127.0.0.1,46414,tcp,6,2205,367.5,661.0614948701823,66,1711,9.250000000000001e-05,0.00021049821882381808,1.541e-06,0.000522125,0.77871825,0.779726209,0.0010079590000000582,1,1,0,2,6,0,0,0
127.0.0.1-46420-127.0.0.1-8000-tcp,127.0.0.1,46420,127.0.0.1,8000,tcp,6,501,83.5,39.07812687425025,66,163,0.0007314928333333333,0.001759505542837125,1.833e-06,0.004323,0.784049209,0.7847035,0.000654291000000029,1,1,0,1,5,0,0,0
127.0.0.1-8000-127.0.0.1-46420-tcp,127.0.0.1,8000,127.0.0.1,46420,tcp,6,2205,367.5,661.0614948701823,66,1711,9.916683333333335e-05,0.00022445808727815237,2.333e-06,0.000557292,0.784056209,0.784710167,0.00065395800000001,1,1,0,2,6,0,0,0
127.0.0.1-46422-127.0.0.1-8000-tcp,127.0.0.1,46422,127.0.0.1,8000,tcp,6,501,83.5,39.07812687425025,66,163,0.0006385348333333333,0.001534941409382054,1.5e-06,0.003771667,0.788481834,0.789002417,0.0005205829999999079,1,1,0,1,5,0,0,0
127.0.0.1-8000-127.0.0.1-46422-tcp,127.0.0.1,8000,127.0.0.1,46422,tcp,6,2205,367.5,661.0614948701823,66,1711,7.769433333333334e-05,0.00017548255324295538,1.625e-06,0.000435833,0.788485667,0.789007542,0.000521875000000005,1,1,0,2,6,0,0,0
127.0.0.1-46432-127.0.0.1-8000-tcp,127.0.0.1,46432,127.0.0.1,8000,tcp,6,501,83.5,39.07812687425025,66,163,0.0006096596666666667,0.0014683157432373551,1.583e-06,0.003606792,0.792614334,0.79314525,0.0005309159999999924,1,1,0,1,5,0,0,0
127.0.0.1-8000-127.0.0.1-46432-tcp,127.0.0.1,8000,127.0.0.1,46432,tcp,6,2205,367.5,661.0614948701823,66,1711,8.080566666666666e-05,0.00018385356172635512,1.625e-06,0.000456042,0.792618,0.793150334,0.0005323339999999677,1,1,0,2,6,0,0,0
127.0.0.1-46448-127.0.0.1-8000-tcp,127.0.0.1,46448,127.0.0.1,8000,tcp,6,501,83.5,39.07812687425025,66,163,0.0005890483333333333,0.001403173512001658,1.625e-06,0.003453041,0.796603375,0.797188875,0.0005855000000000166,1,1,0,1,5,0,0,0
127.0.0.1-8000-127.0.0.1-46448-tcp,127.0.0.1,8000,127.0.0.1,46448,tcp,6,2205,367.5,661.0614948701823,66,1711,8.506266666666666e-05,0.00019327743636303403,1.75e-06,0.000479542,0.796607792,0.797195,0.0005872080000000057,1,1,0,2,6,0,0,0
127.0.0.1-46452-127.0.0.1-8000-tcp,127.0.0.1,46452,127.0.0.1,8000,tcp,6,501,83.5,39.07812687425025,66,163,0.000694854,0.0016551801159327645,2.125e-06,0.004073375,0.801268375,0.80199525,0.0007268750000000157,1,1,0,1,5,0,0,0
127.0.0.1-8000-127.0.0.1-46452-tcp,127.0.0.1,8000,127.0.0.1,46452,tcp,6,2205,367.5,661.0614948701823,66,1711,0.00010618766666666667,0.00023779237029027375,2.167e-06,0.000591458,0.801275209,0.80200125,0.0007260409999999551,1,1,0,2,6,0,0,0
127.0.0.1-46458-127.0.0.1-8000-tcp,127.0.0.1,46458,127.0.0.1,8000,tcp,6,501,83.5,39.07812687425025,66,163,0.0006099793333333333,0.0014644708717149227,1.5e-06,0.00359925,0.8056005,0.806190084,0.0005895839999999763,1,1,0,1,5,0,0,0
127.0.0.1-8000-127.0.0.1-46458-tcp,127.0.0.1,8000,127.0.0.1,46458,tcp,6,2205,367.5,661.0614948701823,66,1711,8.902766666666667e-05,0.00020413117242074194,1.667e-06,0.000505666,0.805604292,0.806195292,0.0005909999999998972,1,1,0,2,6,0,0,0
127.0.0.1-46460-127.0.0.1-8000-tcp,127.0.0.1,46460,127.0.0.1,8000,tcp,6,501,83.5,39.07812687425025,66,163,0.0005904233333333333,0.0014202188533167226,1.583e-06,0.003489375,0.809684667,0.810219167,0.0005344999999999933,1,1,0,1,5,0,0,0
127.0.0.1-8000-127.0.0.1-46460-tcp,127.0.0.1,8000,127.0.0.1,46460,tcp,6,2205,367.5,661.0614948701823,66,1711,8.116e-05,0.00018361950835790844,1.667e-06,0.000455917,0.809689209,0.810224792,0.0005355830000000061,1,1,0,2,6,0,0,0
127.0.0.1-46464-127.0.0.1-8000-tcp,127.0.0.1,46464,127.0.0.1,8000,tcp,6,501,83.5,39.07812687425025,66,163,0.0006308473333333334,0.0014808518079464492,1.958e-06,0.003653,0.813877792,0.814591625,0.0007138330000000526,1,1,0,1,5,0,0,0
127.0.0.1-8000-127.0.0.1-46464-tcp,127.0.0.1,8000,127.0.0.1,46464,tcp,6,2205,367.5,661.0614948701823,66,1711,9.795816666666667e-05,0.00022186448148490707,2.667e-06,0.000550791,0.81388475,0.814597625,0.0007128749999999462,1,1,0,2,6,0,0,0
127.0.0.1-46468-127.0.0.1-8000-tcp,127.0.0.1,46468,127.0.0.1,8000,tcp,6,501,83.5,39.07812687425025,66,163,0.0006656598333333332,0.0015993296211372333,1.75e-06,0.003930209,0.818527834,0.819141,0.0006131660000000538,1,1,0,1,5,0,0,0
127.0.0.1-8000-127.0.0.1-46468-tcp,127.0.0.1,8000,127.0.0.1,46468,tcp,6,2205,367.5,661.0614948701823,66,1711,9.25625e-05,0.0002086735892198627,2.416e-06,0.000518459,0.81853425,0.819146959,0.0006127089999999891,1,1,0,2,6,0,0,0
127.0.0.1-46484-127.0.0.1-8000-tcp,127.0.0.1,46484,127.0.0.1,8000,tcp,6,501,83.5,39.07812687425025,66,163,0.000573389,0.0013736248963594102,1.459e-06,0.003377208,0.822524167,0.823102084,0.0005779169999999834,1,1,0,1,5,0,0,0
127.0.0.1-8000-127.0.0.1-46484-tcp,127.0.0.1,8000,127.0.0.1,46484,tcp,6,2205,367.5,661.0614948701823,66,1711,8.663183333333332e-05,0.0001987088017460894,1.667e-06,0.000492208,0.822528209,0.823107084,0.0005788749999999787,1,1,0,2,6,0,0,0
127.0.0.1-46488-127.0.0.1-8000-tcp,127.0.0.1,46488,127.0.0.1,8000,tcp,6,501,83.5,39.07812687425025,66,163,0.0005547083333333334,0.00133115162242874,2.334e-06,0.003271833,0.826378917,0.826951875,0.0005729580000000123,1,1,0,1,5,0,0,0
127.0.0.1-8000-127.0.0.1-46488-tcp,127.0.0.1,8000,127.0.0.1,46488,tcp,6,2205,367.5,661.0614948701823,66,1711,8.690266666666666e-05,0.00019777355184520163,1.625e-06,0.000490542,0.826382709,0.82695675,0.0005740410000000251,1,1,0,2,6,0,0,0
127.0.0.1-46500-127.0.0.1-8000-tcp,127.0.0.1,46500,127.0.0.1,8000,tcp,6,501,83.5,39.07812687425025,66,163,0.0005573196666666667,0.0013203998857494144,1.625e-06,0.00325225,0.830209,0.830782834,0.0005738339999999953,1,1,0,1,5,0,0,0
127.0.0.1-8000-127.0.0.1-46500-tcp,127.0.0.1,8000,127.0.0.1,46500,tcp,6,2205,367.5,661.0614948701823,66,1711,8.122899999999999e-05,0.00018423764514995298,1.916e-06,0.00045725,0.83021325,0.830788042,0.0005747919999999906,1,1,0,2,6,0,0,0
127.0.0.1-46514-127.0.0.1-8000-tcp,127.0.0.1,46514,127.0.0.1,8000,tcp,6,501,83.5,39.07812687425025,66,163,0.0006949304999999999,0.0016718575592563796,2e-06,0.004107542,0.834895584,0.835530709,0.0006351250000000697,1,1,0,1,5,0,0,0
127.0.0.1-8000-127.0.0.1-46514-tcp,127.0.0.1,8000,127.0.0.1,46514,tcp,6,2205,367.5,661.0614948701823,66,1711,9.656950000000001e-05,0.00021796010308563354,2.25e-06,0.000541417,0.834902459,0.835537042,0.0006345829999999664,1,1,0,2,6,0,0,0
127.0.0.1-46526-127.0.0.1-8000-tcp,127.0.0.1,46526,127.0.0.1,8000,tcp,6,501,83.5,39.07812687425025,66,163,0.0005994653333333334,0.0014391187521398876,1.5e-06,0.003537,0.839074042,0.839598625,0.0005245830000000229,1,1,0,1,5,0,0,0
127.0.0.1-8000-127.0.0.1-46526-tcp,127.0.0.1,8000,127.0.0.1,46526,tcp,6,2205,367.5,661.0614948701823,66,1711,7.8361e-05,0.00017784460655752258,1.625e-06,0.000441333,0.839077667,0.839604,0.0005263330000000455,1,1,0,2,6,0,0,0
127.0.0.1-46538-127.0.0.1-8000-tcp,127.0.0.1,46538,127.0.0.1,8000,tcp,6,501,83.5,39.07812687425025,66,163,0.0005673333333333333,0.0013447554500086128,2e-06,0.003312042,0.842916042,0.843752334,0.0008362920000000162,1,1,0,1,5,0,0,0
127.0.0.1-8000-127.0.0.1-46538-tcp,127.0.0.1,8000,127.0.0.1,46538,tcp,6,2205,367.5,661.0614948701823,66,1711,0.00012520833333333332,0.0002869063087202278,1.625e-06,0.00071075,0.842919709,0.84375925,0.0008395409999999437,1,1,0,2,6,0,0,0
127.0.0.1-46550-127.0.0.1-8000-tcp,127.0.0.1,46550,127.0.0.1,8000,tcp,6,501,83.5,39.07812687425025,66,163,0.0006164513333333333,0.0014809313082125946,1.625e-06,0.003639334,0.847398584,0.848014875,0.0006162909999999355,1,1,0,1,5,0,0,0
127.0.0.1-8000-127.0.0.1-46550-tcp,127.0.0.1,8000,127.0.0.1,46550,tcp,6,2205,367.5,661.0614948701823,66,1711,9.378483333333334e-05,0.0002143568723782064,1.583e-06,0.000531292,0.847403417,0.848020667,0.0006172500000000136,1,1,0,2,6,0,0,0
127.0.0.1-46566-127.0.0.1-8000-tcp,127.0.0.1,46566,127.0.0.1,8000,tcp,6,501,83.5,39.07812687425025,66,163,0.000678118,0.0016309870466256929,1.833e-06,0.004007292,0.852027959,0.852632875,0.0006049160000000109,1,1,0,1,5,0,0,0
127.0.0.1-8000-127.0.0.1-46566-tcp,127.0.0.1,8000,127.0.0.1,46566,tcp,6,2205,367.5,661.0614948701823,66,1711,9.161116666666669e-05,0.00020615670521175556,2.792e-06,0.000512375,0.852034459,0.852639042,0.0006045829999999919,1,1,0,2,6,0,0,0
127.0.0.1-46580-127.0.0.1-8000-tcp,127.0.0.1,46580,127.0.0.1,8000,tcp,6,501,83.5,39.07812687425025,66,163,0.0006296668333333333,0.0015100688471354432,1.5e-06,0.003712,0.856351042,0.856825917,0.0004748749999999857,1,1,0,1,5,0,0,0
127.0.0.1-8000-127.0.0.1-46580-tcp,127.0.0.1,8000,127.0.0.1,46580,tcp,6,2205,367.5,661.0614948701823,66,1711,6.8972e-05,0.0001559648922866938,1.75e-06,0.000387291,0.856354667,0.856830875,0.0004762080000000335,1,1,0,2,6,0,0,0
127.0.0.1-46582-127.0.0.1-8000-tcp,127.0.0.1,46582,127.0.0.1,8000,tcp,6,501,83.5,39.07812687425025,66,163,0.0006003333333333334,0.0014428782498688744,1.5e-06,0.003545542,0.860376417,0.860844167,0.000467749999999989,1,1,0,1,5,0,0,0
127.0.0.1-8000-127.0.0.1-46582-tcp,127.0.0.1,8000,127.0.0.1,46582,tcp,6,2205,367.5,661.0614948701823,66,1711,6.943066666666667e-05,0.00015635950515995717,1.583e-06,0.000388542,0.86038,0.860849459,0.0004694589999999499,1,1,0,2,6,0,0,0
127.0.0.1-46588-127.0.0.1-8000-tcp,127.0.0.1,46588,127.0.0.1,8000,tcp,6,501,83.5,39.07812687425025,66,163,0.0006203749999999999,0.0014924434750640304,1.917e-06,0.00366675,0.864516209,0.865111542,0.0005953329999999202,1,1,0,1,5,0,0,0
127.0.0.1-8000-127.0.0.1-46588-tcp,127.0.0.1,8000,127.0.0.1,46588,tcp,6,2205,367.5,661.0614948701823,66,1711,9.109016666666667e-05,0.00020514997472621504,2.333e-06,0.000509792,0.864521792,0.86511825,0.0005964579999999664,1,1,0,2,6,0,0,0
127.0.0.1-46596-127.0.0.1-8000-tcp,127.0.0.1,46596,127.0.0.1,8000,tcp,6,501,83.5,39.07812687425025,66,163,0.0007316043333333333,0.0017226196905025398,1.625e-06,0.004247167,0.869365417,0.870025584,0.0006601669999999338,1,1,0,1,5,0,0,0
127.0.0.1-8000-127.0.0.1-46596-tcp,127.0.0.1,8000,127.0.0.1,46596,tcp,6,2205,367.5,661.0614948701823,66,1711,8.724300000000002e-05,0.00019735423076184608,2.125e-06,0.000490042,0.869371,0.870031334,0.0006603339999999847,1,1,0,2,6,0,0,0
127.0.0.1-46598-127.0.0.1-8000-tcp,127.0.0.1,46598,127.0.0.1,8000,tcp,6,501,83.5,39.07812687425025,66,163,0.0005894860000000001,0.001407640321189046,1.541e-06,0.003462708,0.873494042,0.874030834,0.0005367920000000082,1,1,0,1,5,0,0,0
127.0.0.1-8000-127.0.0.1-46598-tcp,127.0.0.1,8000,127.0.0.1,46598,tcp,6,2205,367.5,661.0614948701823,66,1711,7.797233333333333e-05,0.00017680873424089284,1.708e-06,0.000438833,0.873497959,0.874036084,0.0005381249999999449,1,1,0,2,6,0,0,0
127.0.0.1-46606-127.0.0.1-8000-tcp,127.0.0.1,46606,127.0.0.1,8000,tcp,6,501,83.5,39.07812687425025,66,163,0.0006862780000000001,0.0016276911046286394,2.625e-06,0.004008458,0.878044542,0.878799959,0.000755416999999925,1,1,0,1,5,0,0,0
127.0.0.1-8000-127.0.0.1-46606-tcp,127.0.0.1,8000,127.0.0.1,46606,tcp,6,2205,367.5,661.0614948701823,66,1711,0.00010863166666666667,0.00024817665334649563,2.25e-06,0.000615166,0.878050625,0.878805542,0.0007549170000000771,1,1,0,2,6,0,0,0
127.0.0.1-46608-127.0.0.1-8000-tcp,127.0.0.1,46608,127.0.0.1,8000,tcp,6,501,83.5,39.07812687425025,66,163,0.000693618,0.0016699667178951803,1.917e-06,0.004102375,0.882907917,0.883627834,0.0007199169999999588,1,1,0,1,5,0,0,0
127.0.0.1-8000-127.0.0.1-46608-tcp,127.0.0.1,8000,127.0.0.1,46608,tcp,6,2205,367.5,661.0614948701823,66,1711,0.00011129166666666667,0.00025362992588783104,2.291e-06,0.000628959,0.882914209,0.883635,0.0007207909999999984,1,1,0,2,6,0,0,0
127.0.0.1-46610-127.0.0.1-8000-tcp,127.0.0.1,46610,127.0.0.1,8000,tcp,6,501,83.5,39.07812687425025,66,163,0.0006279100000000001,0.0014764590824878285,1.584e-06,0.003641042,0.887276042,0.887819334,0.0005432920000000285,1,1,0,1,5,0,0,0
127.0.0.1-8000-127.0.0.1-46610-tcp,127.0.0.1,8000,127.0.0.1,46610,tcp,6,2205,367.5,661.0614948701823,66,1711,7.043033333333334e-05,0.0001565935357984699,1.792e-06,0.00039,0.887280417,0.887825042,0.0005446249999999653,1,1,0,2,6,0,0,0
127.0.0.1-46614-127.0.0.1-8000-tcp,127.0.0.1,46614,127.0.0.1,8000,tcp,6,501,83.5,39.07812687425025,66,163,0.0006677568333333333,0.0016109839263258234,1.625e-06,0.003956125,0.891781167,0.892279292,0.0004981250000000159,1,1,0,1,5,0,0,0
127.0.0.1-8000-127.0.0.1-46614-tcp,127.0.0.1,8000,127.0.0.1,46614,tcp,6,2205,367.5,661.0614948701823,66,1711,7.554866666666667e-05,0.00016963583914334453,1.667e-06,0.00042175,0.891785334,0.892284875,0.0004995409999999367,1,1,0,2,6,0,0,0
127.0.0.1-46618-127.0.0.1-8000-tcp,127.0.0.1,46618,127.0.0.1,8000,tcp,6,501,83.5,39.07812687425025,66,163,0.0005889098333333333,0.001394952385759373,1.709e-06,0.003436,0.895720875,0.8962615,0.0005406250000000723,1,1,0,1,5,0,0,0
127.0.0.1-8000-127.0.0.1-46618-tcp,127.0.0.1,8000,127.0.0.1,46618,tcp,6,2205,367.5,661.0614948701823,66,1711,7.465266666666666e-05,0.00016888485481968672,1.541e-06,0.000419334,0.895725334,0.89626625,0.0005409160000000579,1,1,0,2,6,0,0,0
